objectid,file_name,image_fp
173520.0,Onde_Verte_Eugenio_Tellez_173520.jpg,../latinamerican-2-imagefolder-split/train/Onde_Verte_Eugenio_Tellez_173520.jpg
30705.0,Chicle_Gatherer_Leopoldo_Méndez_30705.jpg,../latinamerican-2-imagefolder-split/train/Chicle_Gatherer_Leopoldo_Méndez_30705.jpg
119789.0,Awaiting_His_Return_Taller_de_Grafica_Popular_119789.jpg,../latinamerican-2-imagefolder-split/train/Awaiting_His_Return_Taller_de_Grafica_Popular_119789.jpg
173316.0,La_Ciega_(The_Blind_Woman)_Mariana_Yampolsky_173316.jpg,../latinamerican-2-imagefolder-split/train/La_Ciega_(The_Blind_Woman)_Mariana_Yampolsky_173316.jpg
64175.0,Head_Rufino_Tamayo_64175.jpg,../latinamerican-2-imagefolder-split/train/Head_Rufino_Tamayo_64175.jpg
30274.0,Requiem_José_Clemente_Orozco_30274.jpg,../latinamerican-2-imagefolder-split/train/Requiem_José_Clemente_Orozco_30274.jpg
222828.0,Untitled_#1_Sandra_Cinto_222828.jpg,../latinamerican-2-imagefolder-split/train/Untitled_#1_Sandra_Cinto_222828.jpg
126503.0,A_Brazilian_in_Florida_Abraao_Batista_126503.jpg,../latinamerican-2-imagefolder-split/train/A_Brazilian_in_Florida_Abraao_Batista_126503.jpg
33513.0,Yucatán_Alfredo_Zalce_33513.jpg,../latinamerican-2-imagefolder-split/train/Yucatán_Alfredo_Zalce_33513.jpg
127530.0,Optical_Box_Jesús_Rafael_Soto_127530.jpg,../latinamerican-2-imagefolder-split/train/Optical_Box_Jesús_Rafael_Soto_127530.jpg
224191.0,Retrato_de_lo_Eterno_(Portrait_of_the_Eternal)_Manuel_Álvarez_Bravo_224191.jpg,../latinamerican-2-imagefolder-split/train/Retrato_de_lo_Eterno_(Portrait_of_the_Eternal)_Manuel_Álvarez_Bravo_224191.jpg
33517.0,In_the_Hammock_Alfredo_Zalce_33517.jpg,../latinamerican-2-imagefolder-split/train/In_the_Hammock_Alfredo_Zalce_33517.jpg
143120.0,Garden_Graciela_Iturbide_143120.jpg,../latinamerican-2-imagefolder-split/train/Garden_Graciela_Iturbide_143120.jpg
52380.0,Self-Portrait_David_Alfaro_Siqueiros_52380.jpg,../latinamerican-2-imagefolder-split/train/Self-Portrait_David_Alfaro_Siqueiros_52380.jpg
146252.0,Image_de_Soleil_Froid_Enrique_Antunez_Zanartú_146252.jpg,../latinamerican-2-imagefolder-split/train/Image_de_Soleil_Froid_Enrique_Antunez_Zanartú_146252.jpg
143118.0,Garden_Francisco_Toledo_143118.jpg,../latinamerican-2-imagefolder-split/train/Garden_Francisco_Toledo_143118.jpg
136777.0,Parabola_Optica_(Optical_parable)_Manuel_Álvarez_Bravo_136777.jpg,../latinamerican-2-imagefolder-split/train/Parabola_Optica_(Optical_parable)_Manuel_Álvarez_Bravo_136777.jpg
58848.0,Fontamara_V_Fayga_Ostrower_58848.jpg,../latinamerican-2-imagefolder-split/train/Fontamara_V_Fayga_Ostrower_58848.jpg
61989.0,Suite_5X_II_Gego_61989.jpg,../latinamerican-2-imagefolder-split/train/Suite_5X_II_Gego_61989.jpg
126500.0,A_Brazilian_in_Florida_Abraao_Batista_126500.jpg,../latinamerican-2-imagefolder-split/train/A_Brazilian_in_Florida_Abraao_Batista_126500.jpg
48683.0,A_la_Carga_Guillermo_Silva_Santamaría_48683.jpg,../latinamerican-2-imagefolder-split/train/A_la_Carga_Guillermo_Silva_Santamaría_48683.jpg
133880.0,Untitled_(Envelope_Painted)_Miguel_Cervantes_133880.jpg,../latinamerican-2-imagefolder-split/train/Untitled_(Envelope_Painted)_Miguel_Cervantes_133880.jpg
222831.0,Untitled_#4_Sandra_Cinto_222831.jpg,../latinamerican-2-imagefolder-split/train/Untitled_#4_Sandra_Cinto_222831.jpg
4553.0,Errante_Adolfo_Bellocq_4553.jpg,../latinamerican-2-imagefolder-split/train/Errante_Adolfo_Bellocq_4553.jpg
9504.0,The_Family_(La_familia)_José_Clemente_Orozco_9504.jpg,../latinamerican-2-imagefolder-split/train/The_Family_(La_familia)_José_Clemente_Orozco_9504.jpg
143119.0,Garden_Francisco_Toledo_143119.jpg,../latinamerican-2-imagefolder-split/train/Garden_Francisco_Toledo_143119.jpg
143121.0,Garden_Graciela_Iturbide_143121.jpg,../latinamerican-2-imagefolder-split/train/Garden_Graciela_Iturbide_143121.jpg
48415.0,Compostion_VI_Matta_48415.jpg,../latinamerican-2-imagefolder-split/train/Compostion_VI_Matta_48415.jpg
126507.0,A_Brazilian_in_Florida_Abraao_Batista_126507.jpg,../latinamerican-2-imagefolder-split/train/A_Brazilian_in_Florida_Abraao_Batista_126507.jpg
133865.0,Untitled_(Skull)_Miguel_Cervantes_133865.jpg,../latinamerican-2-imagefolder-split/train/Untitled_(Skull)_Miguel_Cervantes_133865.jpg
46741.0,Festival_Andino_Nemesio_Antunez_46741.jpg,../latinamerican-2-imagefolder-split/train/Festival_Andino_Nemesio_Antunez_46741.jpg
152826.0,Gran_Alarma_Escandalosa_José_Guadalupe_Posada_152826.jpg,../latinamerican-2-imagefolder-split/train/Gran_Alarma_Escandalosa_José_Guadalupe_Posada_152826.jpg
58986.0,Mujer_Hector_Saunier_58986.jpg,../latinamerican-2-imagefolder-split/train/Mujer_Hector_Saunier_58986.jpg
58851.0,Fontamara_VIII_Fayga_Ostrower_58851.jpg,../latinamerican-2-imagefolder-split/train/Fontamara_VIII_Fayga_Ostrower_58851.jpg
196188.0,Dos_Pares_de_Piernas_(Two_Pairs_of_Legs)_Manuel_Álvarez_Bravo_196188.jpg,../latinamerican-2-imagefolder-split/train/Dos_Pares_de_Piernas_(Two_Pairs_of_Legs)_Manuel_Álvarez_Bravo_196188.jpg
173039.0,Doble_Identidad_&_Dupla_Identidade_(Double_Identity_&_Double_Identity)_Rubens_Gerchman_173039.jpg,../latinamerican-2-imagefolder-split/train/Doble_Identidad_&_Dupla_Identidade_(Double_Identity_&_Double_Identity)_Rubens_Gerchman_173039.jpg
70423.0,Verdadera_efigie_del_Santo_Cristo_de_los_Milagros_(True_Effigy_of_the_Holy_Christ_of_Miracles)_Peruvian_19th_Century_70423.jpg,../latinamerican-2-imagefolder-split/train/Verdadera_efigie_del_Santo_Cristo_de_los_Milagros_(True_Effigy_of_the_Holy_Christ_of_Miracles)_Peruvian_19th_Century_70423.jpg
169871.0,La_pêche_miraculeuse_(The_Miraculous_Catch_of_Fish)_Victor_Delhez_169871.jpg,../latinamerican-2-imagefolder-split/train/La_pêche_miraculeuse_(The_Miraculous_Catch_of_Fish)_Victor_Delhez_169871.jpg
33515.0,Woman_Seated_Alfredo_Zalce_33515.jpg,../latinamerican-2-imagefolder-split/train/Woman_Seated_Alfredo_Zalce_33515.jpg
117249.0,A_Brazilian_in_Florida_Abraao_Batista_117249.jpg,../latinamerican-2-imagefolder-split/train/A_Brazilian_in_Florida_Abraao_Batista_117249.jpg
33512.0,The_Palizada_River_Alfredo_Zalce_33512.jpg,../latinamerican-2-imagefolder-split/train/The_Palizada_River_Alfredo_Zalce_33512.jpg
143115.0,Garden_Francisco_Toledo_143115.jpg,../latinamerican-2-imagefolder-split/train/Garden_Francisco_Toledo_143115.jpg
48684.0,Vendedor_del_Carrito_Guillermo_Silva_Santamaría_48684.jpg,../latinamerican-2-imagefolder-split/train/Vendedor_del_Carrito_Guillermo_Silva_Santamaría_48684.jpg
30708.0,The_Vulture's_Nest_Leopoldo_Méndez_30708.jpg,../latinamerican-2-imagefolder-split/train/The_Vulture's_Nest_Leopoldo_Méndez_30708.jpg
194318.0,"Gorrión,_Claro_(Skylight)_Manuel_Álvarez_Bravo_194318.jpg","../latinamerican-2-imagefolder-split/train/Gorrión,_Claro_(Skylight)_Manuel_Álvarez_Bravo_194318.jpg"
33511.0,Mayan_Fisherman_in_Yucatán_Alfredo_Zalce_33511.jpg,../latinamerican-2-imagefolder-split/train/Mayan_Fisherman_in_Yucatán_Alfredo_Zalce_33511.jpg
4556.0,Atorrantes_Adolfo_Bellocq_4556.jpg,../latinamerican-2-imagefolder-split/train/Atorrantes_Adolfo_Bellocq_4556.jpg
175619.0,"Rostro_con_Peces,_Shipibo_Conibo,_Pucallpa,_Peru_(Face_with_Fish,_Shipibo_Conibo,_Pucallpa,_Peru)_Javier_Silva_Meinel_175619.jpg","../latinamerican-2-imagefolder-split/train/Rostro_con_Peces,_Shipibo_Conibo,_Pucallpa,_Peru_(Face_with_Fish,_Shipibo_Conibo,_Pucallpa,_Peru)_Javier_Silva_Meinel_175619.jpg"
48425.0,Compostion_XVI_Matta_48425.jpg,../latinamerican-2-imagefolder-split/train/Compostion_XVI_Matta_48425.jpg
221005.0,Remedios_Varo_Wearing_a_Mask_by_Leonora_Carrington_Kati_Horna_221005.jpg,../latinamerican-2-imagefolder-split/train/Remedios_Varo_Wearing_a_Mask_by_Leonora_Carrington_Kati_Horna_221005.jpg
163543.0,Horse_and_Running_Girl_Rufino_Tamayo_163543.jpg,../latinamerican-2-imagefolder-split/train/Horse_and_Running_Girl_Rufino_Tamayo_163543.jpg
48418.0,Compostion_IX_Matta_48418.jpg,../latinamerican-2-imagefolder-split/train/Compostion_IX_Matta_48418.jpg
143120.0,Garden_Francisco_Toledo_143120.jpg,../latinamerican-2-imagefolder-split/train/Garden_Francisco_Toledo_143120.jpg
222829.0,Untitled_#2_Sandra_Cinto_222829.jpg,../latinamerican-2-imagefolder-split/train/Untitled_#2_Sandra_Cinto_222829.jpg
61987.0,Suite_5X_I_Gego_61987.jpg,../latinamerican-2-imagefolder-split/train/Suite_5X_I_Gego_61987.jpg
153112.0,Fifteen_Photographs_by_Manuel_Alvarez_Bravo_Manuel_Álvarez_Bravo_153112.jpg,../latinamerican-2-imagefolder-split/train/Fifteen_Photographs_by_Manuel_Alvarez_Bravo_Manuel_Álvarez_Bravo_153112.jpg
61482.0,Untitled_Rodolfo_Abularach_61482.jpg,../latinamerican-2-imagefolder-split/train/Untitled_Rodolfo_Abularach_61482.jpg
61468.0,City_of_the_Eyes_VIII_Rodolfo_Abularach_61468.jpg,../latinamerican-2-imagefolder-split/train/City_of_the_Eyes_VIII_Rodolfo_Abularach_61468.jpg
30702.0,Street_Meeting_Leopoldo_Méndez_30702.jpg,../latinamerican-2-imagefolder-split/train/Street_Meeting_Leopoldo_Méndez_30702.jpg
128543.0,Prosa_de_la_Calavera_Miguel_Cervantes_128543.jpg,../latinamerican-2-imagefolder-split/train/Prosa_de_la_Calavera_Miguel_Cervantes_128543.jpg
62015.0,Untitled_Gego_62015.jpg,../latinamerican-2-imagefolder-split/train/Untitled_Gego_62015.jpg
33518.0,Henequén_Worker_Alfredo_Zalce_33518.jpg,../latinamerican-2-imagefolder-split/train/Henequén_Worker_Alfredo_Zalce_33518.jpg
169092.0,Untitled_(Pier)_Carlos_Garaicoa_169092.jpg,../latinamerican-2-imagefolder-split/train/Untitled_(Pier)_Carlos_Garaicoa_169092.jpg
137583.0,Mental_Reactions_Marius_de_Zayas_137583.jpg,../latinamerican-2-imagefolder-split/train/Mental_Reactions_Marius_de_Zayas_137583.jpg
199162.0,"El_Ensueño_(Isabel_Villaseñor),_Tenacatita,_Jalisco_Lola_Álvarez_Bravo_199162.jpg","../latinamerican-2-imagefolder-split/train/El_Ensueño_(Isabel_Villaseñor),_Tenacatita,_Jalisco_Lola_Álvarez_Bravo_199162.jpg"
184671.0,Lime_Kilns_in_Tula_Raúl_Anguiano_184671.jpg,../latinamerican-2-imagefolder-split/train/Lime_Kilns_in_Tula_Raúl_Anguiano_184671.jpg
30699.0,Stablemen_Leopoldo_Méndez_30699.jpg,../latinamerican-2-imagefolder-split/train/Stablemen_Leopoldo_Méndez_30699.jpg
121052.0,Montserrat_Diego_Rivera_121052.jpg,../latinamerican-2-imagefolder-split/train/Montserrat_Diego_Rivera_121052.jpg
143121.0,Garden_Alejandro_de_Ávila_143121.jpg,../latinamerican-2-imagefolder-split/train/Garden_Alejandro_de_Ávila_143121.jpg
62012.0,Untitled_Gego_62012.jpg,../latinamerican-2-imagefolder-split/train/Untitled_Gego_62012.jpg
61934.0,Portrait_like_Beethoven_José_Luis_Cuevas_61934.jpg,../latinamerican-2-imagefolder-split/train/Portrait_like_Beethoven_José_Luis_Cuevas_61934.jpg
61992.0,Suite_5X_V_Gego_61992.jpg,../latinamerican-2-imagefolder-split/train/Suite_5X_V_Gego_61992.jpg
33363.0,Woman_Seated_Olga_Costa_33363.jpg,../latinamerican-2-imagefolder-split/train/Woman_Seated_Olga_Costa_33363.jpg
55604.0,Still_Life_Carlos_Scliar_55604.jpg,../latinamerican-2-imagefolder-split/train/Still_Life_Carlos_Scliar_55604.jpg
10591.0,Woodchopper_Rufino_Tamayo_10591.jpg,../latinamerican-2-imagefolder-split/train/Woodchopper_Rufino_Tamayo_10591.jpg
150716.0,Paisaje_inventado_(Invented_landscape)_Manuel_Álvarez_Bravo_150716.jpg,../latinamerican-2-imagefolder-split/train/Paisaje_inventado_(Invented_landscape)_Manuel_Álvarez_Bravo_150716.jpg
222832.0,Untitled_#5_Sandra_Cinto_222832.jpg,../latinamerican-2-imagefolder-split/train/Untitled_#5_Sandra_Cinto_222832.jpg
183894.0,"Grinding_Maize,_Cuautla_Leopoldo_Méndez_183894.jpg","../latinamerican-2-imagefolder-split/train/Grinding_Maize,_Cuautla_Leopoldo_Méndez_183894.jpg"
58845.0,Fontamara_II_Fayga_Ostrower_58845.jpg,../latinamerican-2-imagefolder-split/train/Fontamara_II_Fayga_Ostrower_58845.jpg
53076.0,Aztec_Landscape_Rufino_Tamayo_53076.jpg,../latinamerican-2-imagefolder-split/train/Aztec_Landscape_Rufino_Tamayo_53076.jpg
150711.0,Trampa_puesta_(Set_trap)_Manuel_Álvarez_Bravo_150711.jpg,../latinamerican-2-imagefolder-split/train/Trampa_puesta_(Set_trap)_Manuel_Álvarez_Bravo_150711.jpg
153116.0,Desolación_Taller_de_Grafica_Popular_153116.jpg,../latinamerican-2-imagefolder-split/train/Desolación_Taller_de_Grafica_Popular_153116.jpg
62014.0,Untitled_Gego_62014.jpg,../latinamerican-2-imagefolder-split/train/Untitled_Gego_62014.jpg
126506.0,A_Brazilian_in_Florida_Abraao_Batista_126506.jpg,../latinamerican-2-imagefolder-split/train/A_Brazilian_in_Florida_Abraao_Batista_126506.jpg
58984.0,Babilonia_Hector_Saunier_58984.jpg,../latinamerican-2-imagefolder-split/train/Babilonia_Hector_Saunier_58984.jpg
201189.0,Untitled_Carlos_Merida_201189.jpg,../latinamerican-2-imagefolder-split/train/Untitled_Carlos_Merida_201189.jpg
127530.0,Optical_Box_Jesús_Rafael_Soto_127530.jpg,../latinamerican-2-imagefolder-split/train/Optical_Box_Jesús_Rafael_Soto_127530.jpg
61470.0,City_of_the_Eyes_X_Rodolfo_Abularach_61470.jpg,../latinamerican-2-imagefolder-split/train/City_of_the_Eyes_X_Rodolfo_Abularach_61470.jpg
57135.0,Boy_with_Melon_Diego_Rivera_57135.jpg,../latinamerican-2-imagefolder-split/train/Boy_with_Melon_Diego_Rivera_57135.jpg
157357.0,Third_World_Blondes_Have_More_Money_(Raquel_20_Animales)_Daniela_Rossell_157357.jpg,../latinamerican-2-imagefolder-split/train/Third_World_Blondes_Have_More_Money_(Raquel_20_Animales)_Daniela_Rossell_157357.jpg
126505.0,A_Brazilian_in_Florida_Abraao_Batista_126505.jpg,../latinamerican-2-imagefolder-split/train/A_Brazilian_in_Florida_Abraao_Batista_126505.jpg
30697.0,An_Accident_Leopoldo_Méndez_30697.jpg,../latinamerican-2-imagefolder-split/train/An_Accident_Leopoldo_Méndez_30697.jpg
165695.0,"Heavy_Metal,_Vol._1,_No._6,_September_1977_Sergio_Macedo_165695.jpg","../latinamerican-2-imagefolder-split/train/Heavy_Metal,_Vol._1,_No._6,_September_1977_Sergio_Macedo_165695.jpg"
107542.0,Retrato_múltiple_del_pintor_H._Jaimes_Sánchez_(Portraits_of_the_Painter_Humberto_Jaimes_Sánchez_José_Luis_Cuevas_107542.jpg,../latinamerican-2-imagefolder-split/train/Retrato_múltiple_del_pintor_H._Jaimes_Sánchez_(Portraits_of_the_Painter_Humberto_Jaimes_Sánchez_José_Luis_Cuevas_107542.jpg
64172.0,Head_of_Colossus_Rufino_Tamayo_64172.jpg,../latinamerican-2-imagefolder-split/train/Head_of_Colossus_Rufino_Tamayo_64172.jpg
64163.0,Man_with_Hat_Rufino_Tamayo_64163.jpg,../latinamerican-2-imagefolder-split/train/Man_with_Hat_Rufino_Tamayo_64163.jpg
145431.0,Untitled_(Abstraction)_Fayga_Ostrower_145431.jpg,../latinamerican-2-imagefolder-split/train/Untitled_(Abstraction)_Fayga_Ostrower_145431.jpg
51135.0,Torso_of_Aphrodite_Marius_de_Zayas_51135.jpg,../latinamerican-2-imagefolder-split/train/Torso_of_Aphrodite_Marius_de_Zayas_51135.jpg
9180.0,Pro_Denda_Publica_José_Chavez_Morado_9180.jpg,../latinamerican-2-imagefolder-split/train/Pro_Denda_Publica_José_Chavez_Morado_9180.jpg
143123.0,Garden_Graciela_Iturbide_143123.jpg,../latinamerican-2-imagefolder-split/train/Garden_Graciela_Iturbide_143123.jpg
133868.0,Untitled_(Skull)_Miguel_Cervantes_133868.jpg,../latinamerican-2-imagefolder-split/train/Untitled_(Skull)_Miguel_Cervantes_133868.jpg
152829.0,La_Mujer_de_Cien_Maridos_-_Como_Alfileres_Prendidos_José_Guadalupe_Posada_152829.jpg,../latinamerican-2-imagefolder-split/train/La_Mujer_de_Cien_Maridos_-_Como_Alfileres_Prendidos_José_Guadalupe_Posada_152829.jpg
133869.0,Cinco_Grabados_(Five_Prints)_Miguel_Cervantes_133869.jpg,../latinamerican-2-imagefolder-split/train/Cinco_Grabados_(Five_Prints)_Miguel_Cervantes_133869.jpg
71794.0,Viva_Zapata_Diego_Rivera_71794.jpg,../latinamerican-2-imagefolder-split/train/Viva_Zapata_Diego_Rivera_71794.jpg
184006.0,Hennequen_Plant_in_Yucatán_Alfredo_Zalce_184006.jpg,../latinamerican-2-imagefolder-split/train/Hennequen_Plant_in_Yucatán_Alfredo_Zalce_184006.jpg
11853.0,Vagabundo_Adolfo_Bellocq_11853.jpg,../latinamerican-2-imagefolder-split/train/Vagabundo_Adolfo_Bellocq_11853.jpg
30247.0,Salute_to_the_Sun_Ángel_Bracho_30247.jpg,../latinamerican-2-imagefolder-split/train/Salute_to_the_Sun_Ángel_Bracho_30247.jpg
143116.0,Garden_Francisco_Toledo_143116.jpg,../latinamerican-2-imagefolder-split/train/Garden_Francisco_Toledo_143116.jpg
61990.0,Suite_5X_III_Gego_61990.jpg,../latinamerican-2-imagefolder-split/train/Suite_5X_III_Gego_61990.jpg
61930.0,Untitled_José_Luis_Cuevas_61930.jpg,../latinamerican-2-imagefolder-split/train/Untitled_José_Luis_Cuevas_61930.jpg
30714.0,Book_Cover_Leopoldo_Méndez_30714.jpg,../latinamerican-2-imagefolder-split/train/Book_Cover_Leopoldo_Méndez_30714.jpg
223250.0,"Untitled_(Carnaval_de_Huejotzingo,_Puebla)_Kati_Horna_223250.jpg","../latinamerican-2-imagefolder-split/train/Untitled_(Carnaval_de_Huejotzingo,_Puebla)_Kati_Horna_223250.jpg"
116507.0,"Mujer_angel,_Desierto_de_Sonora,_México_(Angel_woman,_Sonora_Desert,_Mexico)_Graciela_Iturbide_116507.jpg","../latinamerican-2-imagefolder-split/train/Mujer_angel,_Desierto_de_Sonora,_México_(Angel_woman,_Sonora_Desert,_Mexico)_Graciela_Iturbide_116507.jpg"
30273.0,Flag_(Bandera)_José_Clemente_Orozco_30273.jpg,../latinamerican-2-imagefolder-split/train/Flag_(Bandera)_José_Clemente_Orozco_30273.jpg
150703.0,El_ensueño_(The_daydream)_Manuel_Álvarez_Bravo_150703.jpg,../latinamerican-2-imagefolder-split/train/El_ensueño_(The_daydream)_Manuel_Álvarez_Bravo_150703.jpg
61932.0,Interior_José_Luis_Cuevas_61932.jpg,../latinamerican-2-imagefolder-split/train/Interior_José_Luis_Cuevas_61932.jpg
175610.0,"Héroes_de_la_Patria,_Cuetzalan,_Puebla,_México_(Heroes_of_the_Fatherland,_Cuetzalan,_Puebla,_Mexico)_Graciela_Iturbide_175610.jpg","../latinamerican-2-imagefolder-split/train/Héroes_de_la_Patria,_Cuetzalan,_Puebla,_México_(Heroes_of_the_Fatherland,_Cuetzalan,_Puebla,_Mexico)_Graciela_Iturbide_175610.jpg"
216620.0,El_Fantasma_(Ghost)_Antonio_Reynoso_216620.jpg,../latinamerican-2-imagefolder-split/train/El_Fantasma_(Ghost)_Antonio_Reynoso_216620.jpg
150710.0,Los_agachados_(The_crouched_ones)_Manuel_Álvarez_Bravo_150710.jpg,../latinamerican-2-imagefolder-split/train/Los_agachados_(The_crouched_ones)_Manuel_Álvarez_Bravo_150710.jpg
221003.0,Untitled_Kati_Horna_221003.jpg,../latinamerican-2-imagefolder-split/train/Untitled_Kati_Horna_221003.jpg
30249.0,The_Injured_Eye_Julio_Castellanos_30249.jpg,../latinamerican-2-imagefolder-split/train/The_Injured_Eye_Julio_Castellanos_30249.jpg
58856.0,Fontamara_XIII_Fayga_Ostrower_58856.jpg,../latinamerican-2-imagefolder-split/train/Fontamara_XIII_Fayga_Ostrower_58856.jpg
61481.0,Untitled_Rodolfo_Abularach_61481.jpg,../latinamerican-2-imagefolder-split/train/Untitled_Rodolfo_Abularach_61481.jpg
201188.0,Untitled_Carlos_Merida_201188.jpg,../latinamerican-2-imagefolder-split/train/Untitled_Carlos_Merida_201188.jpg
58847.0,Fontamara_IV_Fayga_Ostrower_58847.jpg,../latinamerican-2-imagefolder-split/train/Fontamara_IV_Fayga_Ostrower_58847.jpg
197750.0,Paisaje_de_Siembras_(Growing_Landscape)_Manuel_Álvarez_Bravo_197750.jpg,../latinamerican-2-imagefolder-split/train/Paisaje_de_Siembras_(Growing_Landscape)_Manuel_Álvarez_Bravo_197750.jpg
183747.0,Protesta_Francisco_Dosamantes_183747.jpg,../latinamerican-2-imagefolder-split/train/Protesta_Francisco_Dosamantes_183747.jpg
143118.0,Garden_Graciela_Iturbide_143118.jpg,../latinamerican-2-imagefolder-split/train/Garden_Graciela_Iturbide_143118.jpg
150705.0,El_Sistema_Nervioso_del_Gran_Simpatico_(The_sympathetic_nervous_system)_Manuel_Álvarez_Bravo_150705.jpg,../latinamerican-2-imagefolder-split/train/El_Sistema_Nervioso_del_Gran_Simpatico_(The_sympathetic_nervous_system)_Manuel_Álvarez_Bravo_150705.jpg
64161.0,Deux_Fils_Rufino_Tamayo_64161.jpg,../latinamerican-2-imagefolder-split/train/Deux_Fils_Rufino_Tamayo_64161.jpg
199315.0,May_17_Maria_Teresa_Rizzi_199315.jpg,../latinamerican-2-imagefolder-split/train/May_17_Maria_Teresa_Rizzi_199315.jpg
30303.0,Reclining_Nude_David_Alfaro_Siqueiros_30303.jpg,../latinamerican-2-imagefolder-split/train/Reclining_Nude_David_Alfaro_Siqueiros_30303.jpg
45866.0,Château_Noir_Marius_de_Zayas_45866.jpg,../latinamerican-2-imagefolder-split/train/Château_Noir_Marius_de_Zayas_45866.jpg
48420.0,Compostion_XI_Matta_48420.jpg,../latinamerican-2-imagefolder-split/train/Compostion_XI_Matta_48420.jpg
62016.0,Untitled_Gego_62016.jpg,../latinamerican-2-imagefolder-split/train/Untitled_Gego_62016.jpg
61467.0,City_of_the_Eyes_VII_Rodolfo_Abularach_61467.jpg,../latinamerican-2-imagefolder-split/train/City_of_the_Eyes_VII_Rodolfo_Abularach_61467.jpg
218532.0,Aid_from_the_Padre_Héctor_Rondón_Lovera_218532.jpg,../latinamerican-2-imagefolder-split/train/Aid_from_the_Padre_Héctor_Rondón_Lovera_218532.jpg
221940.0,La_Mujer_Murciélago_(Bat_Woman)_Yolanda_Andrade_221940.jpg,../latinamerican-2-imagefolder-split/train/La_Mujer_Murciélago_(Bat_Woman)_Yolanda_Andrade_221940.jpg
61469.0,City_of_the_Eyes_IX_Rodolfo_Abularach_61469.jpg,../latinamerican-2-imagefolder-split/train/City_of_the_Eyes_IX_Rodolfo_Abularach_61469.jpg
30715.0,The_Peoples_Revenge_Leopoldo_Méndez_30715.jpg,../latinamerican-2-imagefolder-split/train/The_Peoples_Revenge_Leopoldo_Méndez_30715.jpg
61460.0,City_of_the_Eyes_I_Rodolfo_Abularach_61460.jpg,../latinamerican-2-imagefolder-split/train/City_of_the_Eyes_I_Rodolfo_Abularach_61460.jpg
221013.0,El_Botéllon_(The_Bottle)_Kati_Horna_221013.jpg,../latinamerican-2-imagefolder-split/train/El_Botéllon_(The_Bottle)_Kati_Horna_221013.jpg
30709.0,Fascism_I_Leopoldo_Méndez_30709.jpg,../latinamerican-2-imagefolder-split/train/Fascism_I_Leopoldo_Méndez_30709.jpg
48419.0,Compostion_X_Matta_48419.jpg,../latinamerican-2-imagefolder-split/train/Compostion_X_Matta_48419.jpg
210341.0,Stairway_to_the_Cathedral_(Subida_a_la_catedral)_Kati_Horna_210341.jpg,../latinamerican-2-imagefolder-split/train/Stairway_to_the_Cathedral_(Subida_a_la_catedral)_Kati_Horna_210341.jpg
37447.0,Work_Armando_Sica_37447.jpg,../latinamerican-2-imagefolder-split/train/Work_Armando_Sica_37447.jpg
150707.0,Sed_pública_(Public_thirst)_Manuel_Álvarez_Bravo_150707.jpg,../latinamerican-2-imagefolder-split/train/Sed_pública_(Public_thirst)_Manuel_Álvarez_Bravo_150707.jpg
4555.0,Viejo_Lobo_Adolfo_Bellocq_4555.jpg,../latinamerican-2-imagefolder-split/train/Viejo_Lobo_Adolfo_Bellocq_4555.jpg
30695.0,Fools_Concert_Leopoldo_Méndez_30695.jpg,../latinamerican-2-imagefolder-split/train/Fools_Concert_Leopoldo_Méndez_30695.jpg
61491.0,Shrine_Rodolfo_Abularach_61491.jpg,../latinamerican-2-imagefolder-split/train/Shrine_Rodolfo_Abularach_61491.jpg
223741.0,La_Escoba_&_The_Broom_&_Le_Volai_Mariana_Yampolsky_223741.jpg,../latinamerican-2-imagefolder-split/train/La_Escoba_&_The_Broom_&_Le_Volai_Mariana_Yampolsky_223741.jpg
154008.0,Clowns_(Payasos)_José_Clemente_Orozco_154008.jpg,../latinamerican-2-imagefolder-split/train/Clowns_(Payasos)_José_Clemente_Orozco_154008.jpg
58844.0,Fontamara_I_Fayga_Ostrower_58844.jpg,../latinamerican-2-imagefolder-split/train/Fontamara_I_Fayga_Ostrower_58844.jpg
126501.0,A_Brazilian_in_Florida_Abraao_Batista_126501.jpg,../latinamerican-2-imagefolder-split/train/A_Brazilian_in_Florida_Abraao_Batista_126501.jpg
64171.0,Moon_Face_Rufino_Tamayo_64171.jpg,../latinamerican-2-imagefolder-split/train/Moon_Face_Rufino_Tamayo_64171.jpg
30703.0,Illustration_for_a_Popular_Song_Leopoldo_Méndez_30703.jpg,../latinamerican-2-imagefolder-split/train/Illustration_for_a_Popular_Song_Leopoldo_Méndez_30703.jpg
63086.0,Balinese_Girl_with_Child_Miguel_Covarrubias_63086.jpg,../latinamerican-2-imagefolder-split/train/Balinese_Girl_with_Child_Miguel_Covarrubias_63086.jpg
58846.0,Fontamara_III_Fayga_Ostrower_58846.jpg,../latinamerican-2-imagefolder-split/train/Fontamara_III_Fayga_Ostrower_58846.jpg
4554.0,Beethoven_Adolfo_Bellocq_4554.jpg,../latinamerican-2-imagefolder-split/train/Beethoven_Adolfo_Bellocq_4554.jpg
150709.0,La_de_las_Bellas_Artes_(She_of_the_fine_arts)_Manuel_Álvarez_Bravo_150709.jpg,../latinamerican-2-imagefolder-split/train/La_de_las_Bellas_Artes_(She_of_the_fine_arts)_Manuel_Álvarez_Bravo_150709.jpg
194338.0,Ya_Mero_(Almost)_Manuel_Álvarez_Bravo_194338.jpg,../latinamerican-2-imagefolder-split/train/Ya_Mero_(Almost)_Manuel_Álvarez_Bravo_194338.jpg
4558.0,Viejos_Desesperados_Adolfo_Bellocq_4558.jpg,../latinamerican-2-imagefolder-split/train/Viejos_Desesperados_Adolfo_Bellocq_4558.jpg
143116.0,Garden_Alejandro_de_Ávila_143116.jpg,../latinamerican-2-imagefolder-split/train/Garden_Alejandro_de_Ávila_143116.jpg
211396.0,Mujer_y_Pájaros_(Woman_and_Birds)_Graciela_Iturbide_211396.jpg,../latinamerican-2-imagefolder-split/train/Mujer_y_Pájaros_(Woman_and_Birds)_Graciela_Iturbide_211396.jpg
30711.0,The_Letter_Leopoldo_Méndez_30711.jpg,../latinamerican-2-imagefolder-split/train/The_Letter_Leopoldo_Méndez_30711.jpg
143123.0,Garden_Alejandro_de_Ávila_143123.jpg,../latinamerican-2-imagefolder-split/train/Garden_Alejandro_de_Ávila_143123.jpg
133878.0,Untitled_(Envelope_with_Leaves)_Miguel_Cervantes_133878.jpg,../latinamerican-2-imagefolder-split/train/Untitled_(Envelope_with_Leaves)_Miguel_Cervantes_133878.jpg
48414.0,Compostion_V_Matta_48414.jpg,../latinamerican-2-imagefolder-split/train/Compostion_V_Matta_48414.jpg
48424.0,Compostion_XV_Matta_48424.jpg,../latinamerican-2-imagefolder-split/train/Compostion_XV_Matta_48424.jpg
30710.0,Fascism_II_Leopoldo_Méndez_30710.jpg,../latinamerican-2-imagefolder-split/train/Fascism_II_Leopoldo_Méndez_30710.jpg
143117.0,Garden_Alejandro_de_Ávila_143117.jpg,../latinamerican-2-imagefolder-split/train/Garden_Alejandro_de_Ávila_143117.jpg
143119.0,Garden_Graciela_Iturbide_143119.jpg,../latinamerican-2-imagefolder-split/train/Garden_Graciela_Iturbide_143119.jpg
174168.0,El_Abrazo_(The_Hug)_Francisco_Zúñiga_174168.jpg,../latinamerican-2-imagefolder-split/train/El_Abrazo_(The_Hug)_Francisco_Zúñiga_174168.jpg
150706.0,El_eclipse_(The_eclipse)_Manuel_Álvarez_Bravo_150706.jpg,../latinamerican-2-imagefolder-split/train/El_eclipse_(The_eclipse)_Manuel_Álvarez_Bravo_150706.jpg
143115.0,Garden_Graciela_Iturbide_143115.jpg,../latinamerican-2-imagefolder-split/train/Garden_Graciela_Iturbide_143115.jpg
133877.0,Untitled_(Envelope_Torn)_Miguel_Cervantes_133877.jpg,../latinamerican-2-imagefolder-split/train/Untitled_(Envelope_Torn)_Miguel_Cervantes_133877.jpg
4551.0,Hombre_Bueno_Adolfo_Bellocq_4551.jpg,../latinamerican-2-imagefolder-split/train/Hombre_Bueno_Adolfo_Bellocq_4551.jpg
143118.0,Garden_Alejandro_de_Ávila_143118.jpg,../latinamerican-2-imagefolder-split/train/Garden_Alejandro_de_Ávila_143118.jpg
48421.0,Compostion_XII_Matta_48421.jpg,../latinamerican-2-imagefolder-split/train/Compostion_XII_Matta_48421.jpg
58637.0,LXXVII-F_Francisco_Larez_58637.jpg,../latinamerican-2-imagefolder-split/train/LXXVII-F_Francisco_Larez_58637.jpg
4552.0,Vagabundo_Adolfo_Bellocq_4552.jpg,../latinamerican-2-imagefolder-split/train/Vagabundo_Adolfo_Bellocq_4552.jpg
45867.0,Vase_of_Flowers_Marius_de_Zayas_45867.jpg,../latinamerican-2-imagefolder-split/train/Vase_of_Flowers_Marius_de_Zayas_45867.jpg
199322.0,Asymmetrical_Sin_Maria_Teresa_Rizzi_199322.jpg,../latinamerican-2-imagefolder-split/train/Asymmetrical_Sin_Maria_Teresa_Rizzi_199322.jpg
92294.0,"Cemetery_Wall,_Texcoco,_Mexico_Manuel_Álvarez_Bravo_92294.jpg","../latinamerican-2-imagefolder-split/train/Cemetery_Wall,_Texcoco,_Mexico_Manuel_Álvarez_Bravo_92294.jpg"
61487.0,Untitled_Rodolfo_Abularach_61487.jpg,../latinamerican-2-imagefolder-split/train/Untitled_Rodolfo_Abularach_61487.jpg
201187.0,Untitled_Carlos_Merida_201187.jpg,../latinamerican-2-imagefolder-split/train/Untitled_Carlos_Merida_201187.jpg
58985.0,Lunaire_Hector_Saunier_58985.jpg,../latinamerican-2-imagefolder-split/train/Lunaire_Hector_Saunier_58985.jpg
64177.0,Head_Rufino_Tamayo_64177.jpg,../latinamerican-2-imagefolder-split/train/Head_Rufino_Tamayo_64177.jpg
61465.0,City_of_the_Eyes_V_Rodolfo_Abularach_61465.jpg,../latinamerican-2-imagefolder-split/train/City_of_the_Eyes_V_Rodolfo_Abularach_61465.jpg
199324.0,Arrojo_Maria_Teresa_Rizzi_199324.jpg,../latinamerican-2-imagefolder-split/train/Arrojo_Maria_Teresa_Rizzi_199324.jpg
150708.0,La_quema_(The_kiln)_Manuel_Álvarez_Bravo_150708.jpg,../latinamerican-2-imagefolder-split/train/La_quema_(The_kiln)_Manuel_Álvarez_Bravo_150708.jpg
58855.0,Fontamara_XII_Fayga_Ostrower_58855.jpg,../latinamerican-2-imagefolder-split/train/Fontamara_XII_Fayga_Ostrower_58855.jpg
127530.0,Optical_Box_Jesús_Rafael_Soto_127530.jpg,../latinamerican-2-imagefolder-split/train/Optical_Box_Jesús_Rafael_Soto_127530.jpg
61484.0,Untitled_Rodolfo_Abularach_61484.jpg,../latinamerican-2-imagefolder-split/train/Untitled_Rodolfo_Abularach_61484.jpg
53085.0,Genesis_Matta_53085.jpg,../latinamerican-2-imagefolder-split/train/Genesis_Matta_53085.jpg
74837.0,La_Línea_en_Función_del_Plano_Raul_Lozza_74837.jpg,../latinamerican-2-imagefolder-split/train/La_Línea_en_Función_del_Plano_Raul_Lozza_74837.jpg
223251.0,Untitled_(Historia_de_un_Vampiro:_Sucedió_en_Coyoacán_en_1962)_Kati_Horna_223251.jpg,../latinamerican-2-imagefolder-split/train/Untitled_(Historia_de_un_Vampiro:_Sucedió_en_Coyoacán_en_1962)_Kati_Horna_223251.jpg
219357.0,Mulher_(Woman)_Dulce_Carneiro_219357.jpg,../latinamerican-2-imagefolder-split/train/Mulher_(Woman)_Dulce_Carneiro_219357.jpg
163302.0,"Untitled_(Romero_Cavalcanti_wearing_Parangolé_Cape_25,_New_York_City,_1972)_Hélio_Oiticica_163302.jpg","../latinamerican-2-imagefolder-split/train/Untitled_(Romero_Cavalcanti_wearing_Parangolé_Cape_25,_New_York_City,_1972)_Hélio_Oiticica_163302.jpg"
143115.0,Garden_Alejandro_de_Ávila_143115.jpg,../latinamerican-2-imagefolder-split/train/Garden_Alejandro_de_Ávila_143115.jpg
64170.0,Head_Rufino_Tamayo_64170.jpg,../latinamerican-2-imagefolder-split/train/Head_Rufino_Tamayo_64170.jpg
11852.0,Hombre_Bueno_Adolfo_Bellocq_11852.jpg,../latinamerican-2-imagefolder-split/train/Hombre_Bueno_Adolfo_Bellocq_11852.jpg
30691.0,25_Prints_of_Leopoldo_Mendez_Leopoldo_Méndez_30691.jpg,../latinamerican-2-imagefolder-split/train/25_Prints_of_Leopoldo_Mendez_Leopoldo_Méndez_30691.jpg
30692.0,Dreams_of_Paupers_Leopoldo_Méndez_30692.jpg,../latinamerican-2-imagefolder-split/train/Dreams_of_Paupers_Leopoldo_Méndez_30692.jpg
60891.0,Untitled_Rufino_Tamayo_60891.jpg,../latinamerican-2-imagefolder-split/train/Untitled_Rufino_Tamayo_60891.jpg
64181.0,Half-Moon_Rufino_Tamayo_64181.jpg,../latinamerican-2-imagefolder-split/train/Half-Moon_Rufino_Tamayo_64181.jpg
48410.0,Compostion_I_Matta_48410.jpg,../latinamerican-2-imagefolder-split/train/Compostion_I_Matta_48410.jpg
196157.0,Mar_de_Ternura_(Sea_of_Tenderness)_Lola_Álvarez_Bravo_196157.jpg,../latinamerican-2-imagefolder-split/train/Mar_de_Ternura_(Sea_of_Tenderness)_Lola_Álvarez_Bravo_196157.jpg
119885.0,Sed_non_Satiata_Victor_Delhez_119885.jpg,../latinamerican-2-imagefolder-split/train/Sed_non_Satiata_Victor_Delhez_119885.jpg
61488.0,Untitled_Rodolfo_Abularach_61488.jpg,../latinamerican-2-imagefolder-split/train/Untitled_Rodolfo_Abularach_61488.jpg
150712.0,Un_poco_alegre_y_graciosa_(Somewhat_gay_and_graceful)_Manuel_Álvarez_Bravo_150712.jpg,../latinamerican-2-imagefolder-split/train/Un_poco_alegre_y_graciosa_(Somewhat_gay_and_graceful)_Manuel_Álvarez_Bravo_150712.jpg
143117.0,Garden_Francisco_Toledo_143117.jpg,../latinamerican-2-imagefolder-split/train/Garden_Francisco_Toledo_143117.jpg
127530.0,Optical_Box_Jesús_Rafael_Soto_127530.jpg,../latinamerican-2-imagefolder-split/train/Optical_Box_Jesús_Rafael_Soto_127530.jpg
10153.0,Viva_Zapata_Diego_Rivera_10153.jpg,../latinamerican-2-imagefolder-split/train/Viva_Zapata_Diego_Rivera_10153.jpg
133866.0,Untitled_(Skull)_Miguel_Cervantes_133866.jpg,../latinamerican-2-imagefolder-split/train/Untitled_(Skull)_Miguel_Cervantes_133866.jpg
30701.0,Newsboys_Leopoldo_Méndez_30701.jpg,../latinamerican-2-imagefolder-split/train/Newsboys_Leopoldo_Méndez_30701.jpg
197747.0,Caja_de_Visiones_(Box_of_Visions)_Manuel_Álvarez_Bravo_197747.jpg,../latinamerican-2-imagefolder-split/train/Caja_de_Visiones_(Box_of_Visions)_Manuel_Álvarez_Bravo_197747.jpg
48417.0,Compostion_VIII_Matta_48417.jpg,../latinamerican-2-imagefolder-split/train/Compostion_VIII_Matta_48417.jpg
126502.0,A_Brazilian_in_Florida_Abraao_Batista_126502.jpg,../latinamerican-2-imagefolder-split/train/A_Brazilian_in_Florida_Abraao_Batista_126502.jpg
30690.0,Sweat_of_Blood_Leopoldo_Méndez_30690.jpg,../latinamerican-2-imagefolder-split/train/Sweat_of_Blood_Leopoldo_Méndez_30690.jpg
30694.0,Landowner_Leopoldo_Méndez_30694.jpg,../latinamerican-2-imagefolder-split/train/Landowner_Leopoldo_Méndez_30694.jpg
61931.0,The_Marquis_de_Sade_José_Luis_Cuevas_61931.jpg,../latinamerican-2-imagefolder-split/train/The_Marquis_de_Sade_José_Luis_Cuevas_61931.jpg
221109.0,"Seri_Indian,_Isla_del_Tiburon_Emilio_Amero_221109.jpg","../latinamerican-2-imagefolder-split/train/Seri_Indian,_Isla_del_Tiburon_Emilio_Amero_221109.jpg"
217263.0,Sin_título_(Milicianos_en_un_trinchera)_(Untitled_[Militiamen_in_a_trench])_Kati_Horna_217263.jpg,../latinamerican-2-imagefolder-split/train/Sin_título_(Milicianos_en_un_trinchera)_(Untitled_[Militiamen_in_a_trench])_Kati_Horna_217263.jpg
30713.0,Protest_Leopoldo_Méndez_30713.jpg,../latinamerican-2-imagefolder-split/train/Protest_Leopoldo_Méndez_30713.jpg
133434.0,"Free_Youth,_Smog_and_Demagogue_Matta_133434.jpg","../latinamerican-2-imagefolder-split/train/Free_Youth,_Smog_and_Demagogue_Matta_133434.jpg"
30712.0,For_Teaching_Them_to_Read_Leopoldo_Méndez_30712.jpg,../latinamerican-2-imagefolder-split/train/For_Teaching_Them_to_Read_Leopoldo_Méndez_30712.jpg
222830.0,Untitled_#3_Sandra_Cinto_222830.jpg,../latinamerican-2-imagefolder-split/train/Untitled_#3_Sandra_Cinto_222830.jpg
30639.0,Corner_of_a_House_and_Figures_(Esquina_de_casa_y_figuras)_José_Clemente_Orozco_30639.jpg,../latinamerican-2-imagefolder-split/train/Corner_of_a_House_and_Figures_(Esquina_de_casa_y_figuras)_José_Clemente_Orozco_30639.jpg
58850.0,Fontamara_VII_Fayga_Ostrower_58850.jpg,../latinamerican-2-imagefolder-split/train/Fontamara_VII_Fayga_Ostrower_58850.jpg
61471.0,Untitled_Rodolfo_Abularach_61471.jpg,../latinamerican-2-imagefolder-split/train/Untitled_Rodolfo_Abularach_61471.jpg
143122.0,Garden_Graciela_Iturbide_143122.jpg,../latinamerican-2-imagefolder-split/train/Garden_Graciela_Iturbide_143122.jpg
33117.0,Mexico_Leopoldo_Méndez_33117.jpg,../latinamerican-2-imagefolder-split/train/Mexico_Leopoldo_Méndez_33117.jpg
150715.0,Tumba_reciente_(Recent_grave)_Manuel_Álvarez_Bravo_150715.jpg,../latinamerican-2-imagefolder-split/train/Tumba_reciente_(Recent_grave)_Manuel_Álvarez_Bravo_150715.jpg
221938.0,El_Grito_de_la_Muerte_(The_Scream_of_Death)_Yolanda_Andrade_221938.jpg,../latinamerican-2-imagefolder-split/train/El_Grito_de_la_Muerte_(The_Scream_of_Death)_Yolanda_Andrade_221938.jpg
64168.0,Profile_of_a_Man_Rufino_Tamayo_64168.jpg,../latinamerican-2-imagefolder-split/train/Profile_of_a_Man_Rufino_Tamayo_64168.jpg
143122.0,Garden_Alejandro_de_Ávila_143122.jpg,../latinamerican-2-imagefolder-split/train/Garden_Alejandro_de_Ávila_143122.jpg
216535.0,The_Old_Vic_Guillermo_Kuitca_216535.jpg,../latinamerican-2-imagefolder-split/train/The_Old_Vic_Guillermo_Kuitca_216535.jpg
133864.0,Untitled_(Skull)_Miguel_Cervantes_133864.jpg,../latinamerican-2-imagefolder-split/test/Untitled_(Skull)_Miguel_Cervantes_133864.jpg
197751.0,Luz_Restirada_(Lengthened_Light)_Manuel_Álvarez_Bravo_197751.jpg,../latinamerican-2-imagefolder-split/test/Luz_Restirada_(Lengthened_Light)_Manuel_Álvarez_Bravo_197751.jpg
150704.0,La_buena_fama_durmiendo_(The_good_reputation_sleeping)_Manuel_Álvarez_Bravo_150704.jpg,../latinamerican-2-imagefolder-split/test/La_buena_fama_durmiendo_(The_good_reputation_sleeping)_Manuel_Álvarez_Bravo_150704.jpg
194319.0,Umbral_(Threshold)_Manuel_Álvarez_Bravo_194319.jpg,../latinamerican-2-imagefolder-split/test/Umbral_(Threshold)_Manuel_Álvarez_Bravo_194319.jpg
219519.0,Beast_Alejandro_Aróstegui_219519.jpg,../latinamerican-2-imagefolder-split/test/Beast_Alejandro_Aróstegui_219519.jpg
150713.0,Barda_de_panteon_(Enclosed_cemetary)_Manuel_Álvarez_Bravo_150713.jpg,../latinamerican-2-imagefolder-split/test/Barda_de_panteon_(Enclosed_cemetary)_Manuel_Álvarez_Bravo_150713.jpg
143117.0,Garden_Graciela_Iturbide_143117.jpg,../latinamerican-2-imagefolder-split/test/Garden_Graciela_Iturbide_143117.jpg
58853.0,Fontamara_X_Fayga_Ostrower_58853.jpg,../latinamerican-2-imagefolder-split/test/Fontamara_X_Fayga_Ostrower_58853.jpg
61935.0,Cuevas-Charenton_José_Luis_Cuevas_61935.jpg,../latinamerican-2-imagefolder-split/test/Cuevas-Charenton_José_Luis_Cuevas_61935.jpg
179431.0,Diptych_Hector_Saunier_179431.jpg,../latinamerican-2-imagefolder-split/test/Diptych_Hector_Saunier_179431.jpg
174306.0,Self-Portrait_at_Midnight_José_Luis_Cuevas_174306.jpg,../latinamerican-2-imagefolder-split/test/Self-Portrait_at_Midnight_José_Luis_Cuevas_174306.jpg
58849.0,Fontamara_VI_Fayga_Ostrower_58849.jpg,../latinamerican-2-imagefolder-split/test/Fontamara_VI_Fayga_Ostrower_58849.jpg
73135.0,Dog_or_Guardian_of_the_Peace_(Perro_o_Guardián_de_la_paz)_David_Alfaro_Siqueiros_73135.jpg,../latinamerican-2-imagefolder-split/test/Dog_or_Guardian_of_the_Peace_(Perro_o_Guardián_de_la_paz)_David_Alfaro_Siqueiros_73135.jpg
133881.0,Untitled_(Envelope_Composition)_Miguel_Cervantes_133881.jpg,../latinamerican-2-imagefolder-split/test/Untitled_(Envelope_Composition)_Miguel_Cervantes_133881.jpg
201186.0,Untitled_Carlos_Merida_201186.jpg,../latinamerican-2-imagefolder-split/test/Untitled_Carlos_Merida_201186.jpg
48422.0,Compostion_XIII_Matta_48422.jpg,../latinamerican-2-imagefolder-split/test/Compostion_XIII_Matta_48422.jpg
30309.0,Apples_Alfredo_Zalce_30309.jpg,../latinamerican-2-imagefolder-split/test/Apples_Alfredo_Zalce_30309.jpg
30252.0,Head_of_a_Woman_Francisco_Dosamantes_30252.jpg,../latinamerican-2-imagefolder-split/test/Head_of_a_Woman_Francisco_Dosamantes_30252.jpg
30706.0,The_Thunderbolt_Leopoldo_Méndez_30706.jpg,../latinamerican-2-imagefolder-split/test/The_Thunderbolt_Leopoldo_Méndez_30706.jpg
61485.0,Untitled_Rodolfo_Abularach_61485.jpg,../latinamerican-2-imagefolder-split/test/Untitled_Rodolfo_Abularach_61485.jpg
150714.0,"Obrero_en_huelga,_asesinado_(Striking_worker,_assassinated)_Manuel_Álvarez_Bravo_150714.jpg","../latinamerican-2-imagefolder-split/test/Obrero_en_huelga,_asesinado_(Striking_worker,_assassinated)_Manuel_Álvarez_Bravo_150714.jpg"
30707.0,Juarez_Leopoldo_Méndez_30707.jpg,../latinamerican-2-imagefolder-split/test/Juarez_Leopoldo_Méndez_30707.jpg
197752.0,Votos_(Votive_Offering)_Manuel_Álvarez_Bravo_197752.jpg,../latinamerican-2-imagefolder-split/test/Votos_(Votive_Offering)_Manuel_Álvarez_Bravo_197752.jpg
199318.0,Merging_Maria_Teresa_Rizzi_199318.jpg,../latinamerican-2-imagefolder-split/test/Merging_Maria_Teresa_Rizzi_199318.jpg
195672.0,Equinox_Hector_Saunier_195672.jpg,../latinamerican-2-imagefolder-split/test/Equinox_Hector_Saunier_195672.jpg
197749.0,Arena_y_Pinitos_(Sand_and_Small_Pines)_Manuel_Álvarez_Bravo_197749.jpg,../latinamerican-2-imagefolder-split/test/Arena_y_Pinitos_(Sand_and_Small_Pines)_Manuel_Álvarez_Bravo_197749.jpg
30698.0,The_Symphonic_Concert_of_Skeletons_Leopoldo_Méndez_30698.jpg,../latinamerican-2-imagefolder-split/test/The_Symphonic_Concert_of_Skeletons_Leopoldo_Méndez_30698.jpg
61466.0,City_of_the_Eyes_VI_Rodolfo_Abularach_61466.jpg,../latinamerican-2-imagefolder-split/test/City_of_the_Eyes_VI_Rodolfo_Abularach_61466.jpg
58854.0,Fontamara_XI_Fayga_Ostrower_58854.jpg,../latinamerican-2-imagefolder-split/test/Fontamara_XI_Fayga_Ostrower_58854.jpg
221464.0,A_Sunburst_Restrained_María_Berrío_221464.jpg,../latinamerican-2-imagefolder-split/test/A_Sunburst_Restrained_María_Berrío_221464.jpg
107543.0,Untitled_[recto]_José_Luis_Cuevas_107543.jpg,../latinamerican-2-imagefolder-split/test/Untitled_[recto]_José_Luis_Cuevas_107543.jpg
61463.0,City_of_the_Eyes_III_Rodolfo_Abularach_61463.jpg,../latinamerican-2-imagefolder-split/test/City_of_the_Eyes_III_Rodolfo_Abularach_61463.jpg
175632.0,Caricia_(Caress)_Mariana_Yampolsky_175632.jpg,../latinamerican-2-imagefolder-split/test/Caricia_(Caress)_Mariana_Yampolsky_175632.jpg
173039.0,Doble_Identidad_&_Dupla_Identidade_(Double_Identity_&_Double_Identity)_Armando_Freitas_Filho_173039.jpg,../latinamerican-2-imagefolder-split/test/Doble_Identidad_&_Dupla_Identidade_(Double_Identity_&_Double_Identity)_Armando_Freitas_Filho_173039.jpg
33519.0,Salt_Deposits_of_Celestién_Alfredo_Zalce_33519.jpg,../latinamerican-2-imagefolder-split/test/Salt_Deposits_of_Celestién_Alfredo_Zalce_33519.jpg
57798.0,The_Meeting_of_Ramona_and_John_Antonio_Berni_57798.jpg,../latinamerican-2-imagefolder-split/test/The_Meeting_of_Ramona_and_John_Antonio_Berni_57798.jpg
121051.0,"No._9,_Nature_Morte_Espagnole_Diego_Rivera_121051.jpg","../latinamerican-2-imagefolder-split/test/No._9,_Nature_Morte_Espagnole_Diego_Rivera_121051.jpg"
107544.0,Untitled_[verso]_José_Luis_Cuevas_107544.jpg,../latinamerican-2-imagefolder-split/test/Untitled_[verso]_José_Luis_Cuevas_107544.jpg
58852.0,Fontamara_IX_Fayga_Ostrower_58852.jpg,../latinamerican-2-imagefolder-split/test/Fontamara_IX_Fayga_Ostrower_58852.jpg
61991.0,Suite_5X_IV_Gego_61991.jpg,../latinamerican-2-imagefolder-split/test/Suite_5X_IV_Gego_61991.jpg
196189.0,"...Un_Pez_que_Llaman_Sierra""_(""...A_Fish_Called_Saw"")""_Manuel_Álvarez_Bravo_196189.jpg","../latinamerican-2-imagefolder-split/test/...Un_Pez_que_Llaman_Sierra""_(""...A_Fish_Called_Saw"")""_Manuel_Álvarez_Bravo_196189.jpg"
184467.0,Retrato_de_lo_Eterno_(Woman_Combing_Her_Hair)_Manuel_Álvarez_Bravo_184467.jpg,../latinamerican-2-imagefolder-split/test/Retrato_de_lo_Eterno_(Woman_Combing_Her_Hair)_Manuel_Álvarez_Bravo_184467.jpg
48416.0,Compostion_VII_Matta_48416.jpg,../latinamerican-2-imagefolder-split/test/Compostion_VII_Matta_48416.jpg
33520.0,Garden_of_Hecelchácan_Alfredo_Zalce_33520.jpg,../latinamerican-2-imagefolder-split/test/Garden_of_Hecelchácan_Alfredo_Zalce_33520.jpg
152827.0,Serafina_José_Guadalupe_Posada_152827.jpg,../latinamerican-2-imagefolder-split/test/Serafina_José_Guadalupe_Posada_152827.jpg
30696.0,Soldier_Leopoldo_Méndez_30696.jpg,../latinamerican-2-imagefolder-split/test/Soldier_Leopoldo_Méndez_30696.jpg
61490.0,Shrine_Rodolfo_Abularach_61490.jpg,../latinamerican-2-imagefolder-split/test/Shrine_Rodolfo_Abularach_61490.jpg
133879.0,Untitled_(Envelope_Open)_Miguel_Cervantes_133879.jpg,../latinamerican-2-imagefolder-split/test/Untitled_(Envelope_Open)_Miguel_Cervantes_133879.jpg
145426.0,Drowned_Shadow_Maria_Bonomi_145426.jpg,../latinamerican-2-imagefolder-split/test/Drowned_Shadow_Maria_Bonomi_145426.jpg
48413.0,Compostion_IV_Matta_48413.jpg,../latinamerican-2-imagefolder-split/test/Compostion_IV_Matta_48413.jpg
33514.0,Fisherman_Alfredo_Zalce_33514.jpg,../latinamerican-2-imagefolder-split/test/Fisherman_Alfredo_Zalce_33514.jpg
143122.0,Garden_Francisco_Toledo_143122.jpg,../latinamerican-2-imagefolder-split/test/Garden_Francisco_Toledo_143122.jpg
181849.0,La_grande_tentation_(The_Great_Temptation)_Victor_Delhez_181849.jpg,../latinamerican-2-imagefolder-split/test/La_grande_tentation_(The_Great_Temptation)_Victor_Delhez_181849.jpg
143119.0,Garden_Alejandro_de_Ávila_143119.jpg,../latinamerican-2-imagefolder-split/test/Garden_Alejandro_de_Ávila_143119.jpg
30693.0,Horsemen_Leopoldo_Méndez_30693.jpg,../latinamerican-2-imagefolder-split/test/Horsemen_Leopoldo_Méndez_30693.jpg
163508.0,Don_Chepito_José_Guadalupe_Posada_163508.jpg,../latinamerican-2-imagefolder-split/test/Don_Chepito_José_Guadalupe_Posada_163508.jpg
62013.0,Untitled_Gego_62013.jpg,../latinamerican-2-imagefolder-split/test/Untitled_Gego_62013.jpg
48423.0,Compostion_XIV_Matta_48423.jpg,../latinamerican-2-imagefolder-split/test/Compostion_XIV_Matta_48423.jpg
3642.0,Mother_and_Child_Emilio_Amero_3642.jpg,../latinamerican-2-imagefolder-split/test/Mother_and_Child_Emilio_Amero_3642.jpg
130886.0,Arlequino_Omar_Rayo_130886.jpg,../latinamerican-2-imagefolder-split/test/Arlequino_Omar_Rayo_130886.jpg
41845.0,Huida_a_Egipto_(Flight_into_Egypt)_Federico_Cantú_41845.jpg,../latinamerican-2-imagefolder-split/test/Huida_a_Egipto_(Flight_into_Egypt)_Federico_Cantú_41845.jpg
221111.0,Pots_at_Market_Emilio_Amero_221111.jpg,../latinamerican-2-imagefolder-split/test/Pots_at_Market_Emilio_Amero_221111.jpg
30704.0,The_Weavers_Leopoldo_Méndez_30704.jpg,../latinamerican-2-imagefolder-split/test/The_Weavers_Leopoldo_Méndez_30704.jpg
4557.0,Pescadores_y_Vagos_Adolfo_Bellocq_4557.jpg,../latinamerican-2-imagefolder-split/test/Pescadores_y_Vagos_Adolfo_Bellocq_4557.jpg
59857.0,Port_of_Uruguay_Joaquín_Torres-García_59857.jpg,../latinamerican-2-imagefolder-split/test/Port_of_Uruguay_Joaquín_Torres-García_59857.jpg
175609.0,"La_Mujer,_Juchitán,_Mexico_(The_Woman,_Juchitán,_Mexico)_Flor_Garduño_175609.jpg","../latinamerican-2-imagefolder-split/test/La_Mujer,_Juchitán,_Mexico_(The_Woman,_Juchitán,_Mexico)_Flor_Garduño_175609.jpg"
33516.0,Weaver_of_Becal_Hats_Alfredo_Zalce_33516.jpg,../latinamerican-2-imagefolder-split/test/Weaver_of_Becal_Hats_Alfredo_Zalce_33516.jpg
30476.0,Calavera_Maderista_José_Guadalupe_Posada_30476.jpg,../latinamerican-2-imagefolder-split/test/Calavera_Maderista_José_Guadalupe_Posada_30476.jpg
143191.0,Untitled_(Harriet_Tubman)_Taller_de_Grafica_Popular_143191.jpg,../latinamerican-2-imagefolder-split/test/Untitled_(Harriet_Tubman)_Taller_de_Grafica_Popular_143191.jpg
169094.0,Velero_(Ship)_Carlos_Garaicoa_169094.jpg,../latinamerican-2-imagefolder-split/test/Velero_(Ship)_Carlos_Garaicoa_169094.jpg
61464.0,City_of_the_Eyes_IV_Rodolfo_Abularach_61464.jpg,../latinamerican-2-imagefolder-split/test/City_of_the_Eyes_IV_Rodolfo_Abularach_61464.jpg
221012.0,Anunciation_(Annunciation)_Antonio_Reynoso_221012.jpg,../latinamerican-2-imagefolder-split/test/Anunciation_(Annunciation)_Antonio_Reynoso_221012.jpg
133867.0,Untitled_(Skull)_Miguel_Cervantes_133867.jpg,../latinamerican-2-imagefolder-split/test/Untitled_(Skull)_Miguel_Cervantes_133867.jpg
42617.0,Fiesta_Emilio_Amero_42617.jpg,../latinamerican-2-imagefolder-split/test/Fiesta_Emilio_Amero_42617.jpg
48411.0,Compostion_II_Matta_48411.jpg,../latinamerican-2-imagefolder-split/test/Compostion_II_Matta_48411.jpg
74838.0,La_Línea_en_Función_del_Plano_Raul_Lozza_74838.jpg,../latinamerican-2-imagefolder-split/test/La_Línea_en_Función_del_Plano_Raul_Lozza_74838.jpg
197753.0,Los_Perros_Durmiendo_Ladran_(Sleeping_Dogs_Bark)_Manuel_Álvarez_Bravo_197753.jpg,../latinamerican-2-imagefolder-split/test/Los_Perros_Durmiendo_Ladran_(Sleeping_Dogs_Bark)_Manuel_Álvarez_Bravo_197753.jpg
30640.0,Black_Woman_(Dama_negra)_David_Alfaro_Siqueiros_30640.jpg,../latinamerican-2-imagefolder-split/test/Black_Woman_(Dama_negra)_David_Alfaro_Siqueiros_30640.jpg
143123.0,Garden_Francisco_Toledo_143123.jpg,../latinamerican-2-imagefolder-split/test/Garden_Francisco_Toledo_143123.jpg
54129.0,Houses_in_Provence:_The_Riaux_Valley_near_L'Estaque_Marius_de_Zayas_54129.jpg,../latinamerican-2-imagefolder-split/test/Houses_in_Provence:_The_Riaux_Valley_near_L'Estaque_Marius_de_Zayas_54129.jpg
61472.0,Window_Rodolfo_Abularach_61472.jpg,../latinamerican-2-imagefolder-split/test/Window_Rodolfo_Abularach_61472.jpg
46537.0,Chester_Dale_Diego_Rivera_46537.jpg,../latinamerican-2-imagefolder-split/test/Chester_Dale_Diego_Rivera_46537.jpg
148744.0,Rumba_Miguel_Covarrubias_148744.jpg,../latinamerican-2-imagefolder-split/test/Rumba_Miguel_Covarrubias_148744.jpg
126504.0,A_Brazilian_in_Florida_Abraao_Batista_126504.jpg,../latinamerican-2-imagefolder-split/test/A_Brazilian_in_Florida_Abraao_Batista_126504.jpg
58857.0,Fontamara_XIV_Fayga_Ostrower_58857.jpg,../latinamerican-2-imagefolder-split/test/Fontamara_XIV_Fayga_Ostrower_58857.jpg
30700.0,Prisoner_Leopoldo_Méndez_30700.jpg,../latinamerican-2-imagefolder-split/test/Prisoner_Leopoldo_Méndez_30700.jpg
134860.0,"Community_of_Franciscan_Monks,_San_Francisco_Monastery,_Cusco_Martin_Chambi_134860.jpg","../latinamerican-2-imagefolder-split/test/Community_of_Franciscan_Monks,_San_Francisco_Monastery,_Cusco_Martin_Chambi_134860.jpg"
150852.0,Untitled_Composition_Joaquín_Torres-García_150852.jpg,../latinamerican-2-imagefolder-split/test/Untitled_Composition_Joaquín_Torres-García_150852.jpg
143120.0,Garden_Alejandro_de_Ávila_143120.jpg,../latinamerican-2-imagefolder-split/test/Garden_Alejandro_de_Ávila_143120.jpg
220350.0,El_Abandonado_(The_Abandoned)_Lola_Álvarez_Bravo_220350.jpg,../latinamerican-2-imagefolder-split/test/El_Abandonado_(The_Abandoned)_Lola_Álvarez_Bravo_220350.jpg
196158.0,"Dos_Mujeres_y_la_Gran_Cortina_con_Sombras_(Two_Women,_a_Large_Blind,_and_Shadows)_Manuel_Álvarez_Bravo_196158.jpg","../latinamerican-2-imagefolder-split/test/Dos_Mujeres_y_la_Gran_Cortina_con_Sombras_(Two_Women,_a_Large_Blind,_and_Shadows)_Manuel_Álvarez_Bravo_196158.jpg"
64176.0,Head_Rufino_Tamayo_64176.jpg,../latinamerican-2-imagefolder-split/test/Head_Rufino_Tamayo_64176.jpg
133435.0,Machines_(Máquinas)_José_Clemente_Orozco_133435.jpg,../latinamerican-2-imagefolder-split/test/Machines_(Máquinas)_José_Clemente_Orozco_133435.jpg
143116.0,Garden_Graciela_Iturbide_143116.jpg,../latinamerican-2-imagefolder-split/test/Garden_Graciela_Iturbide_143116.jpg
61483.0,Untitled_Rodolfo_Abularach_61483.jpg,../latinamerican-2-imagefolder-split/test/Untitled_Rodolfo_Abularach_61483.jpg
61462.0,City_of_the_Eyes_II_Rodolfo_Abularach_61462.jpg,../latinamerican-2-imagefolder-split/test/City_of_the_Eyes_II_Rodolfo_Abularach_61462.jpg
48412.0,Compostion_III_Matta_48412.jpg,../latinamerican-2-imagefolder-split/test/Compostion_III_Matta_48412.jpg
184007.0,"Lumber_Workers,_Bay_of_Campeche_Alfredo_Zalce_184007.jpg","../latinamerican-2-imagefolder-split/test/Lumber_Workers,_Bay_of_Campeche_Alfredo_Zalce_184007.jpg"
57720.0,Tetra_Rodolfo_Abularach_57720.jpg,../latinamerican-2-imagefolder-split/test/Tetra_Rodolfo_Abularach_57720.jpg
196160.0,Acto_Primero_(First_Act)_Manuel_Álvarez_Bravo_196160.jpg,../latinamerican-2-imagefolder-split/test/Acto_Primero_(First_Act)_Manuel_Álvarez_Bravo_196160.jpg
143121.0,Garden_Francisco_Toledo_143121.jpg,../latinamerican-2-imagefolder-split/test/Garden_Francisco_Toledo_143121.jpg
58858.0,Fontamara_XV_Fayga_Ostrower_58858.jpg,../latinamerican-2-imagefolder-split/test/Fontamara_XV_Fayga_Ostrower_58858.jpg
196159.0,Señor_de_Papantla_(The_Man_From_Papantla)_Manuel_Álvarez_Bravo_196159.jpg,../latinamerican-2-imagefolder-split/test/Señor_de_Papantla_(The_Man_From_Papantla)_Manuel_Álvarez_Bravo_196159.jpg
