file_name,directory,subfolder,image_fp,imagefp_exists,objectid
El_Sistema_Nervioso_del_Gran_Simpatico_(The_sympathetic_nervous_system)_Manuel_Álvarez_Bravo_150705.jpg,../latinamerican-2-imagefolder-split/,train,../latinamerican-2-imagefolder-split/train/El_Sistema_Nervioso_del_Gran_Simpatico_(The_sympathetic_nervous_system)_Manuel_Álvarez_Bravo_150705.jpg,True,150705.0
El_Abandonado_(The_Abandoned)_Lola_Álvarez_Bravo_220350.jpg,../latinamerican-2-imagefolder-split/,train,../latinamerican-2-imagefolder-split/train/El_Abandonado_(The_Abandoned)_Lola_Álvarez_Bravo_220350.jpg,True,220350.0
Asymmetrical_Sin_Maria_Teresa_Rizzi_199322.jpg,../latinamerican-2-imagefolder-split/,train,../latinamerican-2-imagefolder-split/train/Asymmetrical_Sin_Maria_Teresa_Rizzi_199322.jpg,True,199322.0
La_Mujer_de_Cien_Maridos_-_Como_Alfileres_Prendidos_José_Guadalupe_Posada_152829.jpg,../latinamerican-2-imagefolder-split/,train,../latinamerican-2-imagefolder-split/train/La_Mujer_de_Cien_Maridos_-_Como_Alfileres_Prendidos_José_Guadalupe_Posada_152829.jpg,True,152829.0
Untitled_[recto]_José_Luis_Cuevas_107543.jpg,../latinamerican-2-imagefolder-split/,train,../latinamerican-2-imagefolder-split/train/Untitled_[recto]_José_Luis_Cuevas_107543.jpg,True,107543.0
Untitled_Gego_62014.jpg,../latinamerican-2-imagefolder-split/,train,../latinamerican-2-imagefolder-split/train/Untitled_Gego_62014.jpg,True,62014.0
Untitled_Gego_62015.jpg,../latinamerican-2-imagefolder-split/,train,../latinamerican-2-imagefolder-split/train/Untitled_Gego_62015.jpg,False,62015.0
Huida_a_Egipto_(Flight_into_Egypt)_Federico_Cantú_41845.jpg,../latinamerican-2-imagefolder-split/,train,../latinamerican-2-imagefolder-split/train/Huida_a_Egipto_(Flight_into_Egypt)_Federico_Cantú_41845.jpg,True,41845.0
Desolación_Taller_de_Grafica_Popular_153116.jpg,../latinamerican-2-imagefolder-split/,train,../latinamerican-2-imagefolder-split/train/Desolación_Taller_de_Grafica_Popular_153116.jpg,True,153116.0
Mar_de_Ternura_(Sea_of_Tenderness)_Lola_Álvarez_Bravo_196157.jpg,../latinamerican-2-imagefolder-split/,train,../latinamerican-2-imagefolder-split/train/Mar_de_Ternura_(Sea_of_Tenderness)_Lola_Álvarez_Bravo_196157.jpg,True,196157.0
Festival_Andino_Nemesio_Antunez_46741.jpg,../latinamerican-2-imagefolder-split/,train,../latinamerican-2-imagefolder-split/train/Festival_Andino_Nemesio_Antunez_46741.jpg,False,46741.0
La_buena_fama_durmiendo_(The_good_reputation_sleeping)_Manuel_Álvarez_Bravo_150704.jpg,../latinamerican-2-imagefolder-split/,train,../latinamerican-2-imagefolder-split/train/La_buena_fama_durmiendo_(The_good_reputation_sleeping)_Manuel_Álvarez_Bravo_150704.jpg,True,150704.0
Shrine_Rodolfo_Abularach_61490.jpg,../latinamerican-2-imagefolder-split/,train,../latinamerican-2-imagefolder-split/train/Shrine_Rodolfo_Abularach_61490.jpg,True,61490.0
A_Brazilian_in_Florida_Abraao_Batista_126501.jpg,../latinamerican-2-imagefolder-split/,train,../latinamerican-2-imagefolder-split/train/A_Brazilian_in_Florida_Abraao_Batista_126501.jpg,False,126501.0
Untitled_[verso]_José_Luis_Cuevas_107544.jpg,../latinamerican-2-imagefolder-split/,train,../latinamerican-2-imagefolder-split/train/Untitled_[verso]_José_Luis_Cuevas_107544.jpg,True,107544.0
Prisoner_Leopoldo_Méndez_30700.jpg,../latinamerican-2-imagefolder-split/,train,../latinamerican-2-imagefolder-split/train/Prisoner_Leopoldo_Méndez_30700.jpg,True,30700.0
Corner_of_a_House_and_Figures_(Esquina_de_casa_y_figuras)_José_Clemente_Orozco_30639.jpg,../latinamerican-2-imagefolder-split/,train,../latinamerican-2-imagefolder-split/train/Corner_of_a_House_and_Figures_(Esquina_de_casa_y_figuras)_José_Clemente_Orozco_30639.jpg,True,30639.0
Vagabundo_Adolfo_Bellocq_4552.jpg,../latinamerican-2-imagefolder-split/,train,../latinamerican-2-imagefolder-split/train/Vagabundo_Adolfo_Bellocq_4552.jpg,True,4552.0
Shrine_Rodolfo_Abularach_61491.jpg,../latinamerican-2-imagefolder-split/,train,../latinamerican-2-imagefolder-split/train/Shrine_Rodolfo_Abularach_61491.jpg,True,61491.0
The_Letter_Leopoldo_Méndez_30711.jpg,../latinamerican-2-imagefolder-split/,train,../latinamerican-2-imagefolder-split/train/The_Letter_Leopoldo_Méndez_30711.jpg,True,30711.0
Compostion_II_Matta_48411.jpg,../latinamerican-2-imagefolder-split/,train,../latinamerican-2-imagefolder-split/train/Compostion_II_Matta_48411.jpg,True,48411.0
Window_Rodolfo_Abularach_61472.jpg,../latinamerican-2-imagefolder-split/,train,../latinamerican-2-imagefolder-split/train/Window_Rodolfo_Abularach_61472.jpg,True,61472.0
Untitled_Rodolfo_Abularach_61481.jpg,../latinamerican-2-imagefolder-split/,train,../latinamerican-2-imagefolder-split/train/Untitled_Rodolfo_Abularach_61481.jpg,True,61481.0
Untitled_(Envelope_Torn)_Miguel_Cervantes_133877.jpg,../latinamerican-2-imagefolder-split/,train,../latinamerican-2-imagefolder-split/train/Untitled_(Envelope_Torn)_Miguel_Cervantes_133877.jpg,False,133877.0
Protesta_Francisco_Dosamantes_183747.jpg,../latinamerican-2-imagefolder-split/,train,../latinamerican-2-imagefolder-split/train/Protesta_Francisco_Dosamantes_183747.jpg,False,183747.0
Garden_Francisco_Toledo_143123.jpg,../latinamerican-2-imagefolder-split/,train,../latinamerican-2-imagefolder-split/train/Garden_Francisco_Toledo_143123.jpg,False,143123.0
Arena_y_Pinitos_(Sand_and_Small_Pines)_Manuel_Álvarez_Bravo_197749.jpg,../latinamerican-2-imagefolder-split/,train,../latinamerican-2-imagefolder-split/train/Arena_y_Pinitos_(Sand_and_Small_Pines)_Manuel_Álvarez_Bravo_197749.jpg,True,197749.0
Weaver_of_Becal_Hats_Alfredo_Zalce_33516.jpg,../latinamerican-2-imagefolder-split/,train,../latinamerican-2-imagefolder-split/train/Weaver_of_Becal_Hats_Alfredo_Zalce_33516.jpg,True,33516.0
Untitled_#4_Sandra_Cinto_222831.jpg,../latinamerican-2-imagefolder-split/,train,../latinamerican-2-imagefolder-split/train/Untitled_#4_Sandra_Cinto_222831.jpg,True,222831.0
Señor_de_Papantla_(The_Man_From_Papantla)_Manuel_Álvarez_Bravo_196159.jpg,../latinamerican-2-imagefolder-split/,train,../latinamerican-2-imagefolder-split/train/Señor_de_Papantla_(The_Man_From_Papantla)_Manuel_Álvarez_Bravo_196159.jpg,False,196159.0
Garden_Francisco_Toledo_143119.jpg,../latinamerican-2-imagefolder-split/,train,../latinamerican-2-imagefolder-split/train/Garden_Francisco_Toledo_143119.jpg,True,143119.0
Chester_Dale_Diego_Rivera_46537.jpg,../latinamerican-2-imagefolder-split/,train,../latinamerican-2-imagefolder-split/train/Chester_Dale_Diego_Rivera_46537.jpg,True,46537.0
Mayan_Fisherman_in_Yucatán_Alfredo_Zalce_33511.jpg,../latinamerican-2-imagefolder-split/,train,../latinamerican-2-imagefolder-split/train/Mayan_Fisherman_in_Yucatán_Alfredo_Zalce_33511.jpg,False,33511.0
Doble_Identidad_&_Dupla_Identidade_(Double_Identity_&_Double_Identity)_Rubens_Gerchman_173039.jpg,../latinamerican-2-imagefolder-split/,train,../latinamerican-2-imagefolder-split/train/Doble_Identidad_&_Dupla_Identidade_(Double_Identity_&_Double_Identity)_Rubens_Gerchman_173039.jpg,False,173039.0
Arlequino_Omar_Rayo_130886.jpg,../latinamerican-2-imagefolder-split/,train,../latinamerican-2-imagefolder-split/train/Arlequino_Omar_Rayo_130886.jpg,False,130886.0
Garden_Alejandro_de_Ávila_143123.jpg,../latinamerican-2-imagefolder-split/,train,../latinamerican-2-imagefolder-split/train/Garden_Alejandro_de_Ávila_143123.jpg,True,143123.0
Hennequen_Plant_in_Yucatán_Alfredo_Zalce_184006.jpg,../latinamerican-2-imagefolder-split/,train,../latinamerican-2-imagefolder-split/train/Hennequen_Plant_in_Yucatán_Alfredo_Zalce_184006.jpg,True,184006.0
Garden_Alejandro_de_Ávila_143118.jpg,../latinamerican-2-imagefolder-split/,train,../latinamerican-2-imagefolder-split/train/Garden_Alejandro_de_Ávila_143118.jpg,False,143118.0
Salt_Deposits_of_Celestién_Alfredo_Zalce_33519.jpg,../latinamerican-2-imagefolder-split/,train,../latinamerican-2-imagefolder-split/train/Salt_Deposits_of_Celestién_Alfredo_Zalce_33519.jpg,True,33519.0
City_of_the_Eyes_VI_Rodolfo_Abularach_61466.jpg,../latinamerican-2-imagefolder-split/,train,../latinamerican-2-imagefolder-split/train/City_of_the_Eyes_VI_Rodolfo_Abularach_61466.jpg,True,61466.0
"Dos_Mujeres_y_la_Gran_Cortina_con_Sombras_(Two_Women,_a_Large_Blind,_and_Shadows)_Manuel_Álvarez_Bravo_196158.jpg",../latinamerican-2-imagefolder-split/,train,"../latinamerican-2-imagefolder-split/train/Dos_Mujeres_y_la_Gran_Cortina_con_Sombras_(Two_Women,_a_Large_Blind,_and_Shadows)_Manuel_Álvarez_Bravo_196158.jpg",True,196158.0
Garden_Alejandro_de_Ávila_143115.jpg,../latinamerican-2-imagefolder-split/,train,../latinamerican-2-imagefolder-split/train/Garden_Alejandro_de_Ávila_143115.jpg,True,143115.0
Book_Cover_Leopoldo_Méndez_30714.jpg,../latinamerican-2-imagefolder-split/,train,../latinamerican-2-imagefolder-split/train/Book_Cover_Leopoldo_Méndez_30714.jpg,True,30714.0
An_Accident_Leopoldo_Méndez_30697.jpg,../latinamerican-2-imagefolder-split/,train,../latinamerican-2-imagefolder-split/train/An_Accident_Leopoldo_Méndez_30697.jpg,False,30697.0
Untitled_(Skull)_Miguel_Cervantes_133866.jpg,../latinamerican-2-imagefolder-split/,train,../latinamerican-2-imagefolder-split/train/Untitled_(Skull)_Miguel_Cervantes_133866.jpg,True,133866.0
La_Mujer_Murciélago_(Bat_Woman)_Yolanda_Andrade_221940.jpg,../latinamerican-2-imagefolder-split/,train,../latinamerican-2-imagefolder-split/train/La_Mujer_Murciélago_(Bat_Woman)_Yolanda_Andrade_221940.jpg,False,221940.0
Pescadores_y_Vagos_Adolfo_Bellocq_4557.jpg,../latinamerican-2-imagefolder-split/,train,../latinamerican-2-imagefolder-split/train/Pescadores_y_Vagos_Adolfo_Bellocq_4557.jpg,True,4557.0
Fontamara_V_Fayga_Ostrower_58848.jpg,../latinamerican-2-imagefolder-split/,train,../latinamerican-2-imagefolder-split/train/Fontamara_V_Fayga_Ostrower_58848.jpg,True,58848.0
Garden_Alejandro_de_Ávila_143122.jpg,../latinamerican-2-imagefolder-split/,train,../latinamerican-2-imagefolder-split/train/Garden_Alejandro_de_Ávila_143122.jpg,True,143122.0
Head_of_a_Woman_Francisco_Dosamantes_30252.jpg,../latinamerican-2-imagefolder-split/,train,../latinamerican-2-imagefolder-split/train/Head_of_a_Woman_Francisco_Dosamantes_30252.jpg,True,30252.0
Optical_Box_Jesús_Rafael_Soto_127530.jpg,../latinamerican-2-imagefolder-split/,train,../latinamerican-2-imagefolder-split/train/Optical_Box_Jesús_Rafael_Soto_127530.jpg,True,127530.0
Fontamara_III_Fayga_Ostrower_58846.jpg,../latinamerican-2-imagefolder-split/,train,../latinamerican-2-imagefolder-split/train/Fontamara_III_Fayga_Ostrower_58846.jpg,False,58846.0
Untitled_#1_Sandra_Cinto_222828.jpg,../latinamerican-2-imagefolder-split/,train,../latinamerican-2-imagefolder-split/train/Untitled_#1_Sandra_Cinto_222828.jpg,False,222828.0
A_Brazilian_in_Florida_Abraao_Batista_126500.jpg,../latinamerican-2-imagefolder-split/,train,../latinamerican-2-imagefolder-split/train/A_Brazilian_in_Florida_Abraao_Batista_126500.jpg,False,126500.0
Garden_Alejandro_de_Ávila_143117.jpg,../latinamerican-2-imagefolder-split/,train,../latinamerican-2-imagefolder-split/train/Garden_Alejandro_de_Ávila_143117.jpg,True,143117.0
Rumba_Miguel_Covarrubias_148744.jpg,../latinamerican-2-imagefolder-split/,train,../latinamerican-2-imagefolder-split/train/Rumba_Miguel_Covarrubias_148744.jpg,False,148744.0
Cinco_Grabados_(Five_Prints)_Miguel_Cervantes_133869.jpg,../latinamerican-2-imagefolder-split/,train,../latinamerican-2-imagefolder-split/train/Cinco_Grabados_(Five_Prints)_Miguel_Cervantes_133869.jpg,True,133869.0
Genesis_Matta_53085.jpg,../latinamerican-2-imagefolder-split/,train,../latinamerican-2-imagefolder-split/train/Genesis_Matta_53085.jpg,False,53085.0
Garden_Alejandro_de_Ávila_143116.jpg,../latinamerican-2-imagefolder-split/,train,../latinamerican-2-imagefolder-split/train/Garden_Alejandro_de_Ávila_143116.jpg,True,143116.0
City_of_the_Eyes_III_Rodolfo_Abularach_61463.jpg,../latinamerican-2-imagefolder-split/,train,../latinamerican-2-imagefolder-split/train/City_of_the_Eyes_III_Rodolfo_Abularach_61463.jpg,True,61463.0
A_Brazilian_in_Florida_Abraao_Batista_117249.jpg,../latinamerican-2-imagefolder-split/,train,../latinamerican-2-imagefolder-split/train/A_Brazilian_in_Florida_Abraao_Batista_117249.jpg,True,117249.0
Dreams_of_Paupers_Leopoldo_Méndez_30692.jpg,../latinamerican-2-imagefolder-split/,train,../latinamerican-2-imagefolder-split/train/Dreams_of_Paupers_Leopoldo_Méndez_30692.jpg,True,30692.0
Fontamara_IX_Fayga_Ostrower_58852.jpg,../latinamerican-2-imagefolder-split/,train,../latinamerican-2-imagefolder-split/train/Fontamara_IX_Fayga_Ostrower_58852.jpg,True,58852.0
Fontamara_XV_Fayga_Ostrower_58858.jpg,../latinamerican-2-imagefolder-split/,train,../latinamerican-2-imagefolder-split/train/Fontamara_XV_Fayga_Ostrower_58858.jpg,True,58858.0
Retrato_múltiple_del_pintor_H._Jaimes_Sánchez_(Portraits_of_the_Painter_Humberto_Jaimes_Sánchez_José_Luis_Cuevas_107542.jpg,../latinamerican-2-imagefolder-split/,train,../latinamerican-2-imagefolder-split/train/Retrato_múltiple_del_pintor_H._Jaimes_Sánchez_(Portraits_of_the_Painter_Humberto_Jaimes_Sánchez_José_Luis_Cuevas_107542.jpg,True,107542.0
The_Meeting_of_Ramona_and_John_Antonio_Berni_57798.jpg,../latinamerican-2-imagefolder-split/,train,../latinamerican-2-imagefolder-split/train/The_Meeting_of_Ramona_and_John_Antonio_Berni_57798.jpg,True,57798.0
Untitled_Rodolfo_Abularach_61484.jpg,../latinamerican-2-imagefolder-split/,train,../latinamerican-2-imagefolder-split/train/Untitled_Rodolfo_Abularach_61484.jpg,False,61484.0
Garden_Graciela_Iturbide_143115.jpg,../latinamerican-2-imagefolder-split/,train,../latinamerican-2-imagefolder-split/train/Garden_Graciela_Iturbide_143115.jpg,False,143115.0
Fontamara_VII_Fayga_Ostrower_58850.jpg,../latinamerican-2-imagefolder-split/,train,../latinamerican-2-imagefolder-split/train/Fontamara_VII_Fayga_Ostrower_58850.jpg,True,58850.0
Untitled_Rodolfo_Abularach_61482.jpg,../latinamerican-2-imagefolder-split/,train,../latinamerican-2-imagefolder-split/train/Untitled_Rodolfo_Abularach_61482.jpg,True,61482.0
"...Un_Pez_que_Llaman_Sierra""_(""...A_Fish_Called_Saw"")""_Manuel_Álvarez_Bravo_196189.jpg",../latinamerican-2-imagefolder-split/,train,"../latinamerican-2-imagefolder-split/train/...Un_Pez_que_Llaman_Sierra""_(""...A_Fish_Called_Saw"")""_Manuel_Álvarez_Bravo_196189.jpg",True,196189.0
Fontamara_XI_Fayga_Ostrower_58854.jpg,../latinamerican-2-imagefolder-split/,train,../latinamerican-2-imagefolder-split/train/Fontamara_XI_Fayga_Ostrower_58854.jpg,True,58854.0
Dos_Pares_de_Piernas_(Two_Pairs_of_Legs)_Manuel_Álvarez_Bravo_196188.jpg,../latinamerican-2-imagefolder-split/,train,../latinamerican-2-imagefolder-split/train/Dos_Pares_de_Piernas_(Two_Pairs_of_Legs)_Manuel_Álvarez_Bravo_196188.jpg,False,196188.0
The_Symphonic_Concert_of_Skeletons_Leopoldo_Méndez_30698.jpg,../latinamerican-2-imagefolder-split/,train,../latinamerican-2-imagefolder-split/train/The_Symphonic_Concert_of_Skeletons_Leopoldo_Méndez_30698.jpg,True,30698.0
Untitled_Carlos_Merida_201187.jpg,../latinamerican-2-imagefolder-split/,train,../latinamerican-2-imagefolder-split/train/Untitled_Carlos_Merida_201187.jpg,True,201187.0
A_Brazilian_in_Florida_Abraao_Batista_126502.jpg,../latinamerican-2-imagefolder-split/,train,../latinamerican-2-imagefolder-split/train/A_Brazilian_in_Florida_Abraao_Batista_126502.jpg,False,126502.0
Man_with_Hat_Rufino_Tamayo_64163.jpg,../latinamerican-2-imagefolder-split/,train,../latinamerican-2-imagefolder-split/train/Man_with_Hat_Rufino_Tamayo_64163.jpg,True,64163.0
City_of_the_Eyes_II_Rodolfo_Abularach_61462.jpg,../latinamerican-2-imagefolder-split/,train,../latinamerican-2-imagefolder-split/train/City_of_the_Eyes_II_Rodolfo_Abularach_61462.jpg,True,61462.0
Juarez_Leopoldo_Méndez_30707.jpg,../latinamerican-2-imagefolder-split/,train,../latinamerican-2-imagefolder-split/train/Juarez_Leopoldo_Méndez_30707.jpg,False,30707.0
The_Family_(La_familia)_José_Clemente_Orozco_9504.jpg,../latinamerican-2-imagefolder-split/,train,../latinamerican-2-imagefolder-split/train/The_Family_(La_familia)_José_Clemente_Orozco_9504.jpg,False,9504.0
La_Escoba_&_The_Broom_&_Le_Volai_Mariana_Yampolsky_223741.jpg,../latinamerican-2-imagefolder-split/,train,../latinamerican-2-imagefolder-split/train/La_Escoba_&_The_Broom_&_Le_Volai_Mariana_Yampolsky_223741.jpg,True,223741.0
Calavera_Maderista_José_Guadalupe_Posada_30476.jpg,../latinamerican-2-imagefolder-split/,train,../latinamerican-2-imagefolder-split/train/Calavera_Maderista_José_Guadalupe_Posada_30476.jpg,True,30476.0
Untitled_Rodolfo_Abularach_61488.jpg,../latinamerican-2-imagefolder-split/,train,../latinamerican-2-imagefolder-split/train/Untitled_Rodolfo_Abularach_61488.jpg,True,61488.0
Machines_(Máquinas)_José_Clemente_Orozco_133435.jpg,../latinamerican-2-imagefolder-split/,train,../latinamerican-2-imagefolder-split/train/Machines_(Máquinas)_José_Clemente_Orozco_133435.jpg,True,133435.0
Garden_Francisco_Toledo_143116.jpg,../latinamerican-2-imagefolder-split/,train,../latinamerican-2-imagefolder-split/train/Garden_Francisco_Toledo_143116.jpg,True,143116.0
Garden_Graciela_Iturbide_143119.jpg,../latinamerican-2-imagefolder-split/,train,../latinamerican-2-imagefolder-split/train/Garden_Graciela_Iturbide_143119.jpg,True,143119.0
"Gorrión,_Claro_(Skylight)_Manuel_Álvarez_Bravo_194318.jpg",../latinamerican-2-imagefolder-split/,train,"../latinamerican-2-imagefolder-split/train/Gorrión,_Claro_(Skylight)_Manuel_Álvarez_Bravo_194318.jpg",True,194318.0
Pots_at_Market_Emilio_Amero_221111.jpg,../latinamerican-2-imagefolder-split/,train,../latinamerican-2-imagefolder-split/train/Pots_at_Market_Emilio_Amero_221111.jpg,False,221111.0
Reclining_Nude_David_Alfaro_Siqueiros_30303.jpg,../latinamerican-2-imagefolder-split/,train,../latinamerican-2-imagefolder-split/train/Reclining_Nude_David_Alfaro_Siqueiros_30303.jpg,True,30303.0
The_Old_Vic_Guillermo_Kuitca_216535.jpg,../latinamerican-2-imagefolder-split/,train,../latinamerican-2-imagefolder-split/train/The_Old_Vic_Guillermo_Kuitca_216535.jpg,True,216535.0
Serafina_José_Guadalupe_Posada_152827.jpg,../latinamerican-2-imagefolder-split/,train,../latinamerican-2-imagefolder-split/train/Serafina_José_Guadalupe_Posada_152827.jpg,True,152827.0
The_Thunderbolt_Leopoldo_Méndez_30706.jpg,../latinamerican-2-imagefolder-split/,train,../latinamerican-2-imagefolder-split/train/The_Thunderbolt_Leopoldo_Méndez_30706.jpg,False,30706.0
"La_Mujer,_Juchitán,_Mexico_(The_Woman,_Juchitán,_Mexico)_Flor_Garduño_175609.jpg",../latinamerican-2-imagefolder-split/,train,"../latinamerican-2-imagefolder-split/train/La_Mujer,_Juchitán,_Mexico_(The_Woman,_Juchitán,_Mexico)_Flor_Garduño_175609.jpg",False,175609.0
Compostion_IV_Matta_48413.jpg,../latinamerican-2-imagefolder-split/,train,../latinamerican-2-imagefolder-split/train/Compostion_IV_Matta_48413.jpg,True,48413.0
Compostion_XV_Matta_48424.jpg,../latinamerican-2-imagefolder-split/,train,../latinamerican-2-imagefolder-split/train/Compostion_XV_Matta_48424.jpg,False,48424.0
Untitled_(Abstraction)_Fayga_Ostrower_145431.jpg,../latinamerican-2-imagefolder-split/,train,../latinamerican-2-imagefolder-split/train/Untitled_(Abstraction)_Fayga_Ostrower_145431.jpg,False,145431.0
Suite_5X_V_Gego_61992.jpg,../latinamerican-2-imagefolder-split/,train,../latinamerican-2-imagefolder-split/train/Suite_5X_V_Gego_61992.jpg,False,61992.0
Babilonia_Hector_Saunier_58984.jpg,../latinamerican-2-imagefolder-split/,train,../latinamerican-2-imagefolder-split/train/Babilonia_Hector_Saunier_58984.jpg,True,58984.0
Garden_Graciela_Iturbide_143122.jpg,../latinamerican-2-imagefolder-split/,train,../latinamerican-2-imagefolder-split/train/Garden_Graciela_Iturbide_143122.jpg,True,143122.0
Drowned_Shadow_Maria_Bonomi_145426.jpg,../latinamerican-2-imagefolder-split/,train,../latinamerican-2-imagefolder-split/train/Drowned_Shadow_Maria_Bonomi_145426.jpg,False,145426.0
May_17_Maria_Teresa_Rizzi_199315.jpg,../latinamerican-2-imagefolder-split/,train,../latinamerican-2-imagefolder-split/train/May_17_Maria_Teresa_Rizzi_199315.jpg,True,199315.0
Untitled_Rodolfo_Abularach_61487.jpg,../latinamerican-2-imagefolder-split/,train,../latinamerican-2-imagefolder-split/train/Untitled_Rodolfo_Abularach_61487.jpg,True,61487.0
Dog_or_Guardian_of_the_Peace_(Perro_o_Guardián_de_la_paz)_David_Alfaro_Siqueiros_73135.jpg,../latinamerican-2-imagefolder-split/,train,../latinamerican-2-imagefolder-split/train/Dog_or_Guardian_of_the_Peace_(Perro_o_Guardián_de_la_paz)_David_Alfaro_Siqueiros_73135.jpg,True,73135.0
Stairway_to_the_Cathedral_(Subida_a_la_catedral)_Kati_Horna_210341.jpg,../latinamerican-2-imagefolder-split/,train,../latinamerican-2-imagefolder-split/train/Stairway_to_the_Cathedral_(Subida_a_la_catedral)_Kati_Horna_210341.jpg,True,210341.0
Aid_from_the_Padre_Héctor_Rondón_Lovera_218532.jpg,../latinamerican-2-imagefolder-split/,train,../latinamerican-2-imagefolder-split/train/Aid_from_the_Padre_Héctor_Rondón_Lovera_218532.jpg,True,218532.0
Yucatán_Alfredo_Zalce_33513.jpg,../latinamerican-2-imagefolder-split/,train,../latinamerican-2-imagefolder-split/train/Yucatán_Alfredo_Zalce_33513.jpg,True,33513.0
Verdadera_efigie_del_Santo_Cristo_de_los_Milagros_(True_Effigy_of_the_Holy_Christ_of_Miracles)_Peruvian_19th_Century_70423.jpg,../latinamerican-2-imagefolder-split/,train,../latinamerican-2-imagefolder-split/train/Verdadera_efigie_del_Santo_Cristo_de_los_Milagros_(True_Effigy_of_the_Holy_Christ_of_Miracles)_Peruvian_19th_Century_70423.jpg,True,70423.0
City_of_the_Eyes_V_Rodolfo_Abularach_61465.jpg,../latinamerican-2-imagefolder-split/,train,../latinamerican-2-imagefolder-split/train/City_of_the_Eyes_V_Rodolfo_Abularach_61465.jpg,False,61465.0
Optical_Box_Jesús_Rafael_Soto_127530.jpg,../latinamerican-2-imagefolder-split/,train,../latinamerican-2-imagefolder-split/train/Optical_Box_Jesús_Rafael_Soto_127530.jpg,True,127530.0
"Free_Youth,_Smog_and_Demagogue_Matta_133434.jpg",../latinamerican-2-imagefolder-split/,train,"../latinamerican-2-imagefolder-split/train/Free_Youth,_Smog_and_Demagogue_Matta_133434.jpg",True,133434.0
Compostion_VII_Matta_48416.jpg,../latinamerican-2-imagefolder-split/,train,../latinamerican-2-imagefolder-split/train/Compostion_VII_Matta_48416.jpg,False,48416.0
Prosa_de_la_Calavera_Miguel_Cervantes_128543.jpg,../latinamerican-2-imagefolder-split/,train,../latinamerican-2-imagefolder-split/train/Prosa_de_la_Calavera_Miguel_Cervantes_128543.jpg,False,128543.0
Fisherman_Alfredo_Zalce_33514.jpg,../latinamerican-2-imagefolder-split/,train,../latinamerican-2-imagefolder-split/train/Fisherman_Alfredo_Zalce_33514.jpg,True,33514.0
Garden_Francisco_Toledo_143115.jpg,../latinamerican-2-imagefolder-split/,train,../latinamerican-2-imagefolder-split/train/Garden_Francisco_Toledo_143115.jpg,True,143115.0
Self-Portrait_at_Midnight_José_Luis_Cuevas_174306.jpg,../latinamerican-2-imagefolder-split/,train,../latinamerican-2-imagefolder-split/train/Self-Portrait_at_Midnight_José_Luis_Cuevas_174306.jpg,True,174306.0
City_of_the_Eyes_VIII_Rodolfo_Abularach_61468.jpg,../latinamerican-2-imagefolder-split/,train,../latinamerican-2-imagefolder-split/train/City_of_the_Eyes_VIII_Rodolfo_Abularach_61468.jpg,True,61468.0
"Mujer_angel,_Desierto_de_Sonora,_México_(Angel_woman,_Sonora_Desert,_Mexico)_Graciela_Iturbide_116507.jpg",../latinamerican-2-imagefolder-split/,train,"../latinamerican-2-imagefolder-split/train/Mujer_angel,_Desierto_de_Sonora,_México_(Angel_woman,_Sonora_Desert,_Mexico)_Graciela_Iturbide_116507.jpg",False,116507.0
Woodchopper_Rufino_Tamayo_10591.jpg,../latinamerican-2-imagefolder-split/,train,../latinamerican-2-imagefolder-split/train/Woodchopper_Rufino_Tamayo_10591.jpg,True,10591.0
Requiem_José_Clemente_Orozco_30274.jpg,../latinamerican-2-imagefolder-split/,train,../latinamerican-2-imagefolder-split/train/Requiem_José_Clemente_Orozco_30274.jpg,True,30274.0
Vase_of_Flowers_Marius_de_Zayas_45867.jpg,../latinamerican-2-imagefolder-split/,train,../latinamerican-2-imagefolder-split/train/Vase_of_Flowers_Marius_de_Zayas_45867.jpg,True,45867.0
Awaiting_His_Return_Taller_de_Grafica_Popular_119789.jpg,../latinamerican-2-imagefolder-split/,train,../latinamerican-2-imagefolder-split/train/Awaiting_His_Return_Taller_de_Grafica_Popular_119789.jpg,True,119789.0
Vendedor_del_Carrito_Guillermo_Silva_Santamaría_48684.jpg,../latinamerican-2-imagefolder-split/,train,../latinamerican-2-imagefolder-split/train/Vendedor_del_Carrito_Guillermo_Silva_Santamaría_48684.jpg,False,48684.0
Untitled_(Envelope_Painted)_Miguel_Cervantes_133880.jpg,../latinamerican-2-imagefolder-split/,train,../latinamerican-2-imagefolder-split/train/Untitled_(Envelope_Painted)_Miguel_Cervantes_133880.jpg,True,133880.0
"Untitled_(Romero_Cavalcanti_wearing_Parangolé_Cape_25,_New_York_City,_1972)_Hélio_Oiticica_163302.jpg",../latinamerican-2-imagefolder-split/,train,"../latinamerican-2-imagefolder-split/train/Untitled_(Romero_Cavalcanti_wearing_Parangolé_Cape_25,_New_York_City,_1972)_Hélio_Oiticica_163302.jpg",True,163302.0
Atorrantes_Adolfo_Bellocq_4556.jpg,../latinamerican-2-imagefolder-split/,train,../latinamerican-2-imagefolder-split/train/Atorrantes_Adolfo_Bellocq_4556.jpg,True,4556.0
A_la_Carga_Guillermo_Silva_Santamaría_48683.jpg,../latinamerican-2-imagefolder-split/,train,../latinamerican-2-imagefolder-split/train/A_la_Carga_Guillermo_Silva_Santamaría_48683.jpg,True,48683.0
Umbral_(Threshold)_Manuel_Álvarez_Bravo_194319.jpg,../latinamerican-2-imagefolder-split/,train,../latinamerican-2-imagefolder-split/train/Umbral_(Threshold)_Manuel_Álvarez_Bravo_194319.jpg,True,194319.0
Salute_to_the_Sun_Ángel_Bracho_30247.jpg,../latinamerican-2-imagefolder-split/,train,../latinamerican-2-imagefolder-split/train/Salute_to_the_Sun_Ángel_Bracho_30247.jpg,False,30247.0
City_of_the_Eyes_I_Rodolfo_Abularach_61460.jpg,../latinamerican-2-imagefolder-split/,train,../latinamerican-2-imagefolder-split/train/City_of_the_Eyes_I_Rodolfo_Abularach_61460.jpg,True,61460.0
Head_Rufino_Tamayo_64175.jpg,../latinamerican-2-imagefolder-split/,train,../latinamerican-2-imagefolder-split/train/Head_Rufino_Tamayo_64175.jpg,True,64175.0
Protest_Leopoldo_Méndez_30713.jpg,../latinamerican-2-imagefolder-split/,train,../latinamerican-2-imagefolder-split/train/Protest_Leopoldo_Méndez_30713.jpg,True,30713.0
Lunaire_Hector_Saunier_58985.jpg,../latinamerican-2-imagefolder-split/,train,../latinamerican-2-imagefolder-split/train/Lunaire_Hector_Saunier_58985.jpg,True,58985.0
Interior_José_Luis_Cuevas_61932.jpg,../latinamerican-2-imagefolder-split/,train,../latinamerican-2-imagefolder-split/train/Interior_José_Luis_Cuevas_61932.jpg,True,61932.0
Illustration_for_a_Popular_Song_Leopoldo_Méndez_30703.jpg,../latinamerican-2-imagefolder-split/,train,../latinamerican-2-imagefolder-split/train/Illustration_for_a_Popular_Song_Leopoldo_Méndez_30703.jpg,True,30703.0
Sed_pública_(Public_thirst)_Manuel_Álvarez_Bravo_150707.jpg,../latinamerican-2-imagefolder-split/,train,../latinamerican-2-imagefolder-split/train/Sed_pública_(Public_thirst)_Manuel_Álvarez_Bravo_150707.jpg,True,150707.0
25_Prints_of_Leopoldo_Mendez_Leopoldo_Méndez_30691.jpg,../latinamerican-2-imagefolder-split/,train,../latinamerican-2-imagefolder-split/train/25_Prints_of_Leopoldo_Mendez_Leopoldo_Méndez_30691.jpg,True,30691.0
Fontamara_IV_Fayga_Ostrower_58847.jpg,../latinamerican-2-imagefolder-split/,train,../latinamerican-2-imagefolder-split/train/Fontamara_IV_Fayga_Ostrower_58847.jpg,False,58847.0
Aztec_Landscape_Rufino_Tamayo_53076.jpg,../latinamerican-2-imagefolder-split/,train,../latinamerican-2-imagefolder-split/train/Aztec_Landscape_Rufino_Tamayo_53076.jpg,True,53076.0
Untitled_Gego_62012.jpg,../latinamerican-2-imagefolder-split/,train,../latinamerican-2-imagefolder-split/train/Untitled_Gego_62012.jpg,True,62012.0
Work_Armando_Sica_37447.jpg,../latinamerican-2-imagefolder-split/,train,../latinamerican-2-imagefolder-split/train/Work_Armando_Sica_37447.jpg,True,37447.0
Sin_título_(Milicianos_en_un_trinchera)_(Untitled_[Militiamen_in_a_trench])_Kati_Horna_217263.jpg,../latinamerican-2-imagefolder-split/,train,../latinamerican-2-imagefolder-split/train/Sin_título_(Milicianos_en_un_trinchera)_(Untitled_[Militiamen_in_a_trench])_Kati_Horna_217263.jpg,True,217263.0
Viejo_Lobo_Adolfo_Bellocq_4555.jpg,../latinamerican-2-imagefolder-split/,train,../latinamerican-2-imagefolder-split/train/Viejo_Lobo_Adolfo_Bellocq_4555.jpg,False,4555.0
La_Línea_en_Función_del_Plano_Raul_Lozza_74837.jpg,../latinamerican-2-imagefolder-split/,train,../latinamerican-2-imagefolder-split/train/La_Línea_en_Función_del_Plano_Raul_Lozza_74837.jpg,True,74837.0
A_Brazilian_in_Florida_Abraao_Batista_126507.jpg,../latinamerican-2-imagefolder-split/,train,../latinamerican-2-imagefolder-split/train/A_Brazilian_in_Florida_Abraao_Batista_126507.jpg,False,126507.0
Don_Chepito_José_Guadalupe_Posada_163508.jpg,../latinamerican-2-imagefolder-split/,train,../latinamerican-2-imagefolder-split/train/Don_Chepito_José_Guadalupe_Posada_163508.jpg,True,163508.0
Untitled_(Skull)_Miguel_Cervantes_133864.jpg,../latinamerican-2-imagefolder-split/,train,../latinamerican-2-imagefolder-split/train/Untitled_(Skull)_Miguel_Cervantes_133864.jpg,True,133864.0
La_de_las_Bellas_Artes_(She_of_the_fine_arts)_Manuel_Álvarez_Bravo_150709.jpg,../latinamerican-2-imagefolder-split/,train,../latinamerican-2-imagefolder-split/train/La_de_las_Bellas_Artes_(She_of_the_fine_arts)_Manuel_Álvarez_Bravo_150709.jpg,True,150709.0
"No._9,_Nature_Morte_Espagnole_Diego_Rivera_121051.jpg",../latinamerican-2-imagefolder-split/,train,"../latinamerican-2-imagefolder-split/train/No._9,_Nature_Morte_Espagnole_Diego_Rivera_121051.jpg",False,121051.0
Equinox_Hector_Saunier_195672.jpg,../latinamerican-2-imagefolder-split/,train,../latinamerican-2-imagefolder-split/train/Equinox_Hector_Saunier_195672.jpg,True,195672.0
Portrait_like_Beethoven_José_Luis_Cuevas_61934.jpg,../latinamerican-2-imagefolder-split/,train,../latinamerican-2-imagefolder-split/train/Portrait_like_Beethoven_José_Luis_Cuevas_61934.jpg,True,61934.0
Fontamara_II_Fayga_Ostrower_58845.jpg,../latinamerican-2-imagefolder-split/,train,../latinamerican-2-imagefolder-split/train/Fontamara_II_Fayga_Ostrower_58845.jpg,True,58845.0
A_Brazilian_in_Florida_Abraao_Batista_126503.jpg,../latinamerican-2-imagefolder-split/,train,../latinamerican-2-imagefolder-split/train/A_Brazilian_in_Florida_Abraao_Batista_126503.jpg,True,126503.0
Mujer_Hector_Saunier_58986.jpg,../latinamerican-2-imagefolder-split/,train,../latinamerican-2-imagefolder-split/train/Mujer_Hector_Saunier_58986.jpg,True,58986.0
Untitled_Carlos_Merida_201186.jpg,../latinamerican-2-imagefolder-split/,train,../latinamerican-2-imagefolder-split/train/Untitled_Carlos_Merida_201186.jpg,True,201186.0
El_eclipse_(The_eclipse)_Manuel_Álvarez_Bravo_150706.jpg,../latinamerican-2-imagefolder-split/,train,../latinamerican-2-imagefolder-split/train/El_eclipse_(The_eclipse)_Manuel_Álvarez_Bravo_150706.jpg,True,150706.0
Untitled_(Skull)_Miguel_Cervantes_133867.jpg,../latinamerican-2-imagefolder-split/,train,../latinamerican-2-imagefolder-split/train/Untitled_(Skull)_Miguel_Cervantes_133867.jpg,False,133867.0
La_pêche_miraculeuse_(The_Miraculous_Catch_of_Fish)_Victor_Delhez_169871.jpg,../latinamerican-2-imagefolder-split/,train,../latinamerican-2-imagefolder-split/train/La_pêche_miraculeuse_(The_Miraculous_Catch_of_Fish)_Victor_Delhez_169871.jpg,True,169871.0
Clowns_(Payasos)_José_Clemente_Orozco_154008.jpg,../latinamerican-2-imagefolder-split/,train,../latinamerican-2-imagefolder-split/train/Clowns_(Payasos)_José_Clemente_Orozco_154008.jpg,True,154008.0
"Héroes_de_la_Patria,_Cuetzalan,_Puebla,_México_(Heroes_of_the_Fatherland,_Cuetzalan,_Puebla,_Mexico)_Graciela_Iturbide_175610.jpg",../latinamerican-2-imagefolder-split/,train,"../latinamerican-2-imagefolder-split/train/Héroes_de_la_Patria,_Cuetzalan,_Puebla,_México_(Heroes_of_the_Fatherland,_Cuetzalan,_Puebla,_Mexico)_Graciela_Iturbide_175610.jpg",True,175610.0
Stablemen_Leopoldo_Méndez_30699.jpg,../latinamerican-2-imagefolder-split/,train,../latinamerican-2-imagefolder-split/train/Stablemen_Leopoldo_Méndez_30699.jpg,True,30699.0
Houses_in_Provence:_The_Riaux_Valley_near_L'Estaque_Marius_de_Zayas_54129.jpg,../latinamerican-2-imagefolder-split/,train,../latinamerican-2-imagefolder-split/train/Houses_in_Provence:_The_Riaux_Valley_near_L'Estaque_Marius_de_Zayas_54129.jpg,False,54129.0
Paisaje_de_Siembras_(Growing_Landscape)_Manuel_Álvarez_Bravo_197750.jpg,../latinamerican-2-imagefolder-split/,train,../latinamerican-2-imagefolder-split/train/Paisaje_de_Siembras_(Growing_Landscape)_Manuel_Álvarez_Bravo_197750.jpg,True,197750.0
Third_World_Blondes_Have_More_Money_(Raquel_20_Animales)_Daniela_Rossell_157357.jpg,../latinamerican-2-imagefolder-split/,train,../latinamerican-2-imagefolder-split/train/Third_World_Blondes_Have_More_Money_(Raquel_20_Animales)_Daniela_Rossell_157357.jpg,False,157357.0
Fifteen_Photographs_by_Manuel_Alvarez_Bravo_Manuel_Álvarez_Bravo_153112.jpg,../latinamerican-2-imagefolder-split/,train,../latinamerican-2-imagefolder-split/train/Fifteen_Photographs_by_Manuel_Alvarez_Bravo_Manuel_Álvarez_Bravo_153112.jpg,True,153112.0
Untitled_Gego_62016.jpg,../latinamerican-2-imagefolder-split/,train,../latinamerican-2-imagefolder-split/train/Untitled_Gego_62016.jpg,False,62016.0
The_Weavers_Leopoldo_Méndez_30704.jpg,../latinamerican-2-imagefolder-split/,train,../latinamerican-2-imagefolder-split/train/The_Weavers_Leopoldo_Méndez_30704.jpg,False,30704.0
Doble_Identidad_&_Dupla_Identidade_(Double_Identity_&_Double_Identity)_Armando_Freitas_Filho_173039.jpg,../latinamerican-2-imagefolder-split/,train,../latinamerican-2-imagefolder-split/train/Doble_Identidad_&_Dupla_Identidade_(Double_Identity_&_Double_Identity)_Armando_Freitas_Filho_173039.jpg,False,173039.0
Mexico_Leopoldo_Méndez_33117.jpg,../latinamerican-2-imagefolder-split/,train,../latinamerican-2-imagefolder-split/train/Mexico_Leopoldo_Méndez_33117.jpg,True,33117.0
Un_poco_alegre_y_graciosa_(Somewhat_gay_and_graceful)_Manuel_Álvarez_Bravo_150712.jpg,../latinamerican-2-imagefolder-split/,train,../latinamerican-2-imagefolder-split/train/Un_poco_alegre_y_graciosa_(Somewhat_gay_and_graceful)_Manuel_Álvarez_Bravo_150712.jpg,False,150712.0
Garden_Graciela_Iturbide_143117.jpg,../latinamerican-2-imagefolder-split/,train,../latinamerican-2-imagefolder-split/train/Garden_Graciela_Iturbide_143117.jpg,True,143117.0
A_Sunburst_Restrained_María_Berrío_221464.jpg,../latinamerican-2-imagefolder-split/,train,../latinamerican-2-imagefolder-split/train/A_Sunburst_Restrained_María_Berrío_221464.jpg,False,221464.0
Balinese_Girl_with_Child_Miguel_Covarrubias_63086.jpg,../latinamerican-2-imagefolder-split/,train,../latinamerican-2-imagefolder-split/train/Balinese_Girl_with_Child_Miguel_Covarrubias_63086.jpg,True,63086.0
A_Brazilian_in_Florida_Abraao_Batista_126504.jpg,../latinamerican-2-imagefolder-split/,train,../latinamerican-2-imagefolder-split/train/A_Brazilian_in_Florida_Abraao_Batista_126504.jpg,True,126504.0
Untitled_#3_Sandra_Cinto_222830.jpg,../latinamerican-2-imagefolder-split/,train,../latinamerican-2-imagefolder-split/train/Untitled_#3_Sandra_Cinto_222830.jpg,False,222830.0
Fools_Concert_Leopoldo_Méndez_30695.jpg,../latinamerican-2-imagefolder-split/,train,../latinamerican-2-imagefolder-split/train/Fools_Concert_Leopoldo_Méndez_30695.jpg,True,30695.0
Untitled_Rodolfo_Abularach_61485.jpg,../latinamerican-2-imagefolder-split/,train,../latinamerican-2-imagefolder-split/train/Untitled_Rodolfo_Abularach_61485.jpg,True,61485.0
City_of_the_Eyes_IV_Rodolfo_Abularach_61464.jpg,../latinamerican-2-imagefolder-split/,train,../latinamerican-2-imagefolder-split/train/City_of_the_Eyes_IV_Rodolfo_Abularach_61464.jpg,True,61464.0
In_the_Hammock_Alfredo_Zalce_33517.jpg,../latinamerican-2-imagefolder-split/,train,../latinamerican-2-imagefolder-split/train/In_the_Hammock_Alfredo_Zalce_33517.jpg,False,33517.0
Fascism_II_Leopoldo_Méndez_30710.jpg,../latinamerican-2-imagefolder-split/,train,../latinamerican-2-imagefolder-split/train/Fascism_II_Leopoldo_Méndez_30710.jpg,True,30710.0
Flag_(Bandera)_José_Clemente_Orozco_30273.jpg,../latinamerican-2-imagefolder-split/,train,../latinamerican-2-imagefolder-split/train/Flag_(Bandera)_José_Clemente_Orozco_30273.jpg,False,30273.0
Gran_Alarma_Escandalosa_José_Guadalupe_Posada_152826.jpg,../latinamerican-2-imagefolder-split/,train,../latinamerican-2-imagefolder-split/train/Gran_Alarma_Escandalosa_José_Guadalupe_Posada_152826.jpg,True,152826.0
Garden_Graciela_Iturbide_143116.jpg,../latinamerican-2-imagefolder-split/,train,../latinamerican-2-imagefolder-split/train/Garden_Graciela_Iturbide_143116.jpg,True,143116.0
Apples_Alfredo_Zalce_30309.jpg,../latinamerican-2-imagefolder-split/,train,../latinamerican-2-imagefolder-split/train/Apples_Alfredo_Zalce_30309.jpg,True,30309.0
Untitled_Kati_Horna_221003.jpg,../latinamerican-2-imagefolder-split/,train,../latinamerican-2-imagefolder-split/train/Untitled_Kati_Horna_221003.jpg,True,221003.0
Fontamara_VIII_Fayga_Ostrower_58851.jpg,../latinamerican-2-imagefolder-split/,train,../latinamerican-2-imagefolder-split/train/Fontamara_VIII_Fayga_Ostrower_58851.jpg,True,58851.0
Untitled_José_Luis_Cuevas_61930.jpg,../latinamerican-2-imagefolder-split/,train,../latinamerican-2-imagefolder-split/train/Untitled_José_Luis_Cuevas_61930.jpg,False,61930.0
Viva_Zapata_Diego_Rivera_10153.jpg,../latinamerican-2-imagefolder-split/,train,../latinamerican-2-imagefolder-split/train/Viva_Zapata_Diego_Rivera_10153.jpg,False,10153.0
Compostion_VIII_Matta_48417.jpg,../latinamerican-2-imagefolder-split/,train,../latinamerican-2-imagefolder-split/train/Compostion_VIII_Matta_48417.jpg,False,48417.0
Votos_(Votive_Offering)_Manuel_Álvarez_Bravo_197752.jpg,../latinamerican-2-imagefolder-split/,train,../latinamerican-2-imagefolder-split/train/Votos_(Votive_Offering)_Manuel_Álvarez_Bravo_197752.jpg,True,197752.0
Compostion_XI_Matta_48420.jpg,../latinamerican-2-imagefolder-split/,train,../latinamerican-2-imagefolder-split/train/Compostion_XI_Matta_48420.jpg,True,48420.0
Anunciation_(Annunciation)_Antonio_Reynoso_221012.jpg,../latinamerican-2-imagefolder-split/,train,../latinamerican-2-imagefolder-split/train/Anunciation_(Annunciation)_Antonio_Reynoso_221012.jpg,True,221012.0
Chicle_Gatherer_Leopoldo_Méndez_30705.jpg,../latinamerican-2-imagefolder-split/,train,../latinamerican-2-imagefolder-split/train/Chicle_Gatherer_Leopoldo_Méndez_30705.jpg,True,30705.0
Retrato_de_lo_Eterno_(Portrait_of_the_Eternal)_Manuel_Álvarez_Bravo_224191.jpg,../latinamerican-2-imagefolder-split/,train,../latinamerican-2-imagefolder-split/train/Retrato_de_lo_Eterno_(Portrait_of_the_Eternal)_Manuel_Álvarez_Bravo_224191.jpg,True,224191.0
Untitled_(Envelope_Open)_Miguel_Cervantes_133879.jpg,../latinamerican-2-imagefolder-split/,train,../latinamerican-2-imagefolder-split/train/Untitled_(Envelope_Open)_Miguel_Cervantes_133879.jpg,False,133879.0
The_Peoples_Revenge_Leopoldo_Méndez_30715.jpg,../latinamerican-2-imagefolder-split/,train,../latinamerican-2-imagefolder-split/train/The_Peoples_Revenge_Leopoldo_Méndez_30715.jpg,True,30715.0
El_Fantasma_(Ghost)_Antonio_Reynoso_216620.jpg,../latinamerican-2-imagefolder-split/,train,../latinamerican-2-imagefolder-split/train/El_Fantasma_(Ghost)_Antonio_Reynoso_216620.jpg,False,216620.0
Untitled_#5_Sandra_Cinto_222832.jpg,../latinamerican-2-imagefolder-split/,train,../latinamerican-2-imagefolder-split/train/Untitled_#5_Sandra_Cinto_222832.jpg,True,222832.0
Garden_Graciela_Iturbide_143123.jpg,../latinamerican-2-imagefolder-split/,train,../latinamerican-2-imagefolder-split/train/Garden_Graciela_Iturbide_143123.jpg,False,143123.0
Garden_of_Hecelchácan_Alfredo_Zalce_33520.jpg,../latinamerican-2-imagefolder-split/,train,../latinamerican-2-imagefolder-split/train/Garden_of_Hecelchácan_Alfredo_Zalce_33520.jpg,True,33520.0
Horsemen_Leopoldo_Méndez_30693.jpg,../latinamerican-2-imagefolder-split/,train,../latinamerican-2-imagefolder-split/train/Horsemen_Leopoldo_Méndez_30693.jpg,False,30693.0
City_of_the_Eyes_IX_Rodolfo_Abularach_61469.jpg,../latinamerican-2-imagefolder-split/,train,../latinamerican-2-imagefolder-split/train/City_of_the_Eyes_IX_Rodolfo_Abularach_61469.jpg,True,61469.0
Half-Moon_Rufino_Tamayo_64181.jpg,../latinamerican-2-imagefolder-split/,train,../latinamerican-2-imagefolder-split/train/Half-Moon_Rufino_Tamayo_64181.jpg,True,64181.0
Los_agachados_(The_crouched_ones)_Manuel_Álvarez_Bravo_150710.jpg,../latinamerican-2-imagefolder-split/,train,../latinamerican-2-imagefolder-split/train/Los_agachados_(The_crouched_ones)_Manuel_Álvarez_Bravo_150710.jpg,False,150710.0
Untitled_Gego_62013.jpg,../latinamerican-2-imagefolder-split/,train,../latinamerican-2-imagefolder-split/train/Untitled_Gego_62013.jpg,True,62013.0
Mujer_y_Pájaros_(Woman_and_Birds)_Graciela_Iturbide_211396.jpg,../latinamerican-2-imagefolder-split/,train,../latinamerican-2-imagefolder-split/train/Mujer_y_Pájaros_(Woman_and_Birds)_Graciela_Iturbide_211396.jpg,False,211396.0
El_Botéllon_(The_Bottle)_Kati_Horna_221013.jpg,../latinamerican-2-imagefolder-split/,train,../latinamerican-2-imagefolder-split/train/El_Botéllon_(The_Bottle)_Kati_Horna_221013.jpg,True,221013.0
Parabola_Optica_(Optical_parable)_Manuel_Álvarez_Bravo_136777.jpg,../latinamerican-2-imagefolder-split/,train,../latinamerican-2-imagefolder-split/train/Parabola_Optica_(Optical_parable)_Manuel_Álvarez_Bravo_136777.jpg,True,136777.0
LXXVII-F_Francisco_Larez_58637.jpg,../latinamerican-2-imagefolder-split/,train,../latinamerican-2-imagefolder-split/train/LXXVII-F_Francisco_Larez_58637.jpg,True,58637.0
Compostion_I_Matta_48410.jpg,../latinamerican-2-imagefolder-split/,train,../latinamerican-2-imagefolder-split/train/Compostion_I_Matta_48410.jpg,True,48410.0
Profile_of_a_Man_Rufino_Tamayo_64168.jpg,../latinamerican-2-imagefolder-split/,train,../latinamerican-2-imagefolder-split/train/Profile_of_a_Man_Rufino_Tamayo_64168.jpg,False,64168.0
Garden_Alejandro_de_Ávila_143121.jpg,../latinamerican-2-imagefolder-split/,train,../latinamerican-2-imagefolder-split/train/Garden_Alejandro_de_Ávila_143121.jpg,True,143121.0
Image_de_Soleil_Froid_Enrique_Antunez_Zanartú_146252.jpg,../latinamerican-2-imagefolder-split/,train,../latinamerican-2-imagefolder-split/train/Image_de_Soleil_Froid_Enrique_Antunez_Zanartú_146252.jpg,True,146252.0
Compostion_XIII_Matta_48422.jpg,../latinamerican-2-imagefolder-split/,train,../latinamerican-2-imagefolder-split/train/Compostion_XIII_Matta_48422.jpg,True,48422.0
Self-Portrait_David_Alfaro_Siqueiros_52380.jpg,../latinamerican-2-imagefolder-split/,train,../latinamerican-2-imagefolder-split/train/Self-Portrait_David_Alfaro_Siqueiros_52380.jpg,True,52380.0
Woman_Seated_Alfredo_Zalce_33515.jpg,../latinamerican-2-imagefolder-split/,train,../latinamerican-2-imagefolder-split/train/Woman_Seated_Alfredo_Zalce_33515.jpg,True,33515.0
La_quema_(The_kiln)_Manuel_Álvarez_Bravo_150708.jpg,../latinamerican-2-imagefolder-split/,train,../latinamerican-2-imagefolder-split/train/La_quema_(The_kiln)_Manuel_Álvarez_Bravo_150708.jpg,True,150708.0
Viejos_Desesperados_Adolfo_Bellocq_4558.jpg,../latinamerican-2-imagefolder-split/,train,../latinamerican-2-imagefolder-split/train/Viejos_Desesperados_Adolfo_Bellocq_4558.jpg,True,4558.0
Street_Meeting_Leopoldo_Méndez_30702.jpg,../latinamerican-2-imagefolder-split/,train,../latinamerican-2-imagefolder-split/train/Street_Meeting_Leopoldo_Méndez_30702.jpg,False,30702.0
Vagabundo_Adolfo_Bellocq_11853.jpg,../latinamerican-2-imagefolder-split/,train,../latinamerican-2-imagefolder-split/train/Vagabundo_Adolfo_Bellocq_11853.jpg,True,11853.0
Torso_of_Aphrodite_Marius_de_Zayas_51135.jpg,../latinamerican-2-imagefolder-split/,train,../latinamerican-2-imagefolder-split/train/Torso_of_Aphrodite_Marius_de_Zayas_51135.jpg,False,51135.0
Untitled_(Skull)_Miguel_Cervantes_133868.jpg,../latinamerican-2-imagefolder-split/,train,../latinamerican-2-imagefolder-split/train/Untitled_(Skull)_Miguel_Cervantes_133868.jpg,True,133868.0
Port_of_Uruguay_Joaquín_Torres-García_59857.jpg,../latinamerican-2-imagefolder-split/,train,../latinamerican-2-imagefolder-split/train/Port_of_Uruguay_Joaquín_Torres-García_59857.jpg,False,59857.0
Suite_5X_II_Gego_61989.jpg,../latinamerican-2-imagefolder-split/,train,../latinamerican-2-imagefolder-split/train/Suite_5X_II_Gego_61989.jpg,True,61989.0
Tumba_reciente_(Recent_grave)_Manuel_Álvarez_Bravo_150715.jpg,../latinamerican-2-imagefolder-split/,train,../latinamerican-2-imagefolder-split/train/Tumba_reciente_(Recent_grave)_Manuel_Álvarez_Bravo_150715.jpg,True,150715.0
Garden_Francisco_Toledo_143120.jpg,../latinamerican-2-imagefolder-split/,train,../latinamerican-2-imagefolder-split/train/Garden_Francisco_Toledo_143120.jpg,True,143120.0
Landowner_Leopoldo_Méndez_30694.jpg,../latinamerican-2-imagefolder-split/,train,../latinamerican-2-imagefolder-split/train/Landowner_Leopoldo_Méndez_30694.jpg,False,30694.0
Optical_Box_Jesús_Rafael_Soto_127530.jpg,../latinamerican-2-imagefolder-split/,train,../latinamerican-2-imagefolder-split/train/Optical_Box_Jesús_Rafael_Soto_127530.jpg,True,127530.0
Compostion_XVI_Matta_48425.jpg,../latinamerican-2-imagefolder-split/,train,../latinamerican-2-imagefolder-split/train/Compostion_XVI_Matta_48425.jpg,True,48425.0
Head_of_Colossus_Rufino_Tamayo_64172.jpg,../latinamerican-2-imagefolder-split/,train,../latinamerican-2-imagefolder-split/train/Head_of_Colossus_Rufino_Tamayo_64172.jpg,True,64172.0
Château_Noir_Marius_de_Zayas_45866.jpg,../latinamerican-2-imagefolder-split/,train,../latinamerican-2-imagefolder-split/train/Château_Noir_Marius_de_Zayas_45866.jpg,True,45866.0
Garden_Alejandro_de_Ávila_143119.jpg,../latinamerican-2-imagefolder-split/,train,../latinamerican-2-imagefolder-split/train/Garden_Alejandro_de_Ávila_143119.jpg,False,143119.0
Garden_Francisco_Toledo_143117.jpg,../latinamerican-2-imagefolder-split/,train,../latinamerican-2-imagefolder-split/train/Garden_Francisco_Toledo_143117.jpg,False,143117.0
Compostion_XII_Matta_48421.jpg,../latinamerican-2-imagefolder-split/,train,../latinamerican-2-imagefolder-split/train/Compostion_XII_Matta_48421.jpg,False,48421.0
Sweat_of_Blood_Leopoldo_Méndez_30690.jpg,../latinamerican-2-imagefolder-split/,train,../latinamerican-2-imagefolder-split/train/Sweat_of_Blood_Leopoldo_Méndez_30690.jpg,True,30690.0
Suite_5X_IV_Gego_61991.jpg,../latinamerican-2-imagefolder-split/,train,../latinamerican-2-imagefolder-split/train/Suite_5X_IV_Gego_61991.jpg,True,61991.0
Untitled_(Pier)_Carlos_Garaicoa_169092.jpg,../latinamerican-2-imagefolder-split/,train,../latinamerican-2-imagefolder-split/train/Untitled_(Pier)_Carlos_Garaicoa_169092.jpg,True,169092.0
Beethoven_Adolfo_Bellocq_4554.jpg,../latinamerican-2-imagefolder-split/,train,../latinamerican-2-imagefolder-split/train/Beethoven_Adolfo_Bellocq_4554.jpg,True,4554.0
Pro_Denda_Publica_José_Chavez_Morado_9180.jpg,../latinamerican-2-imagefolder-split/,train,../latinamerican-2-imagefolder-split/train/Pro_Denda_Publica_José_Chavez_Morado_9180.jpg,True,9180.0
Hombre_Bueno_Adolfo_Bellocq_4551.jpg,../latinamerican-2-imagefolder-split/,test,../latinamerican-2-imagefolder-split/test/Hombre_Bueno_Adolfo_Bellocq_4551.jpg,False,4551.0
Fontamara_XII_Fayga_Ostrower_58855.jpg,../latinamerican-2-imagefolder-split/,test,../latinamerican-2-imagefolder-split/test/Fontamara_XII_Fayga_Ostrower_58855.jpg,True,58855.0
Lime_Kilns_in_Tula_Raúl_Anguiano_184671.jpg,../latinamerican-2-imagefolder-split/,test,../latinamerican-2-imagefolder-split/test/Lime_Kilns_in_Tula_Raúl_Anguiano_184671.jpg,True,184671.0
Fontamara_XIII_Fayga_Ostrower_58856.jpg,../latinamerican-2-imagefolder-split/,test,../latinamerican-2-imagefolder-split/test/Fontamara_XIII_Fayga_Ostrower_58856.jpg,False,58856.0
Luz_Restirada_(Lengthened_Light)_Manuel_Álvarez_Bravo_197751.jpg,../latinamerican-2-imagefolder-split/,test,../latinamerican-2-imagefolder-split/test/Luz_Restirada_(Lengthened_Light)_Manuel_Álvarez_Bravo_197751.jpg,False,197751.0
Garden_Francisco_Toledo_143122.jpg,../latinamerican-2-imagefolder-split/,test,../latinamerican-2-imagefolder-split/test/Garden_Francisco_Toledo_143122.jpg,False,143122.0
Optical_Box_Jesús_Rafael_Soto_127530.jpg,../latinamerican-2-imagefolder-split/,test,../latinamerican-2-imagefolder-split/test/Optical_Box_Jesús_Rafael_Soto_127530.jpg,True,127530.0
Boy_with_Melon_Diego_Rivera_57135.jpg,../latinamerican-2-imagefolder-split/,test,../latinamerican-2-imagefolder-split/test/Boy_with_Melon_Diego_Rivera_57135.jpg,True,57135.0
Still_Life_Carlos_Scliar_55604.jpg,../latinamerican-2-imagefolder-split/,test,../latinamerican-2-imagefolder-split/test/Still_Life_Carlos_Scliar_55604.jpg,True,55604.0
Tetra_Rodolfo_Abularach_57720.jpg,../latinamerican-2-imagefolder-split/,test,../latinamerican-2-imagefolder-split/test/Tetra_Rodolfo_Abularach_57720.jpg,False,57720.0
"Community_of_Franciscan_Monks,_San_Francisco_Monastery,_Cusco_Martin_Chambi_134860.jpg",../latinamerican-2-imagefolder-split/,test,"../latinamerican-2-imagefolder-split/test/Community_of_Franciscan_Monks,_San_Francisco_Monastery,_Cusco_Martin_Chambi_134860.jpg",False,134860.0
Hombre_Bueno_Adolfo_Bellocq_11852.jpg,../latinamerican-2-imagefolder-split/,test,../latinamerican-2-imagefolder-split/test/Hombre_Bueno_Adolfo_Bellocq_11852.jpg,False,11852.0
Soldier_Leopoldo_Méndez_30696.jpg,../latinamerican-2-imagefolder-split/,test,../latinamerican-2-imagefolder-split/test/Soldier_Leopoldo_Méndez_30696.jpg,False,30696.0
Compostion_VI_Matta_48415.jpg,../latinamerican-2-imagefolder-split/,test,../latinamerican-2-imagefolder-split/test/Compostion_VI_Matta_48415.jpg,False,48415.0
The_Palizada_River_Alfredo_Zalce_33512.jpg,../latinamerican-2-imagefolder-split/,test,../latinamerican-2-imagefolder-split/test/The_Palizada_River_Alfredo_Zalce_33512.jpg,True,33512.0
Moon_Face_Rufino_Tamayo_64171.jpg,../latinamerican-2-imagefolder-split/,test,../latinamerican-2-imagefolder-split/test/Moon_Face_Rufino_Tamayo_64171.jpg,False,64171.0
Fontamara_I_Fayga_Ostrower_58844.jpg,../latinamerican-2-imagefolder-split/,test,../latinamerican-2-imagefolder-split/test/Fontamara_I_Fayga_Ostrower_58844.jpg,False,58844.0
Barda_de_panteon_(Enclosed_cemetary)_Manuel_Álvarez_Bravo_150713.jpg,../latinamerican-2-imagefolder-split/,test,../latinamerican-2-imagefolder-split/test/Barda_de_panteon_(Enclosed_cemetary)_Manuel_Álvarez_Bravo_150713.jpg,True,150713.0
Untitled_#2_Sandra_Cinto_222829.jpg,../latinamerican-2-imagefolder-split/,test,../latinamerican-2-imagefolder-split/test/Untitled_#2_Sandra_Cinto_222829.jpg,True,222829.0
Viva_Zapata_Diego_Rivera_71794.jpg,../latinamerican-2-imagefolder-split/,test,../latinamerican-2-imagefolder-split/test/Viva_Zapata_Diego_Rivera_71794.jpg,False,71794.0
Woman_Seated_Olga_Costa_33363.jpg,../latinamerican-2-imagefolder-split/,test,../latinamerican-2-imagefolder-split/test/Woman_Seated_Olga_Costa_33363.jpg,False,33363.0
"Obrero_en_huelga,_asesinado_(Striking_worker,_assassinated)_Manuel_Álvarez_Bravo_150714.jpg",../latinamerican-2-imagefolder-split/,test,"../latinamerican-2-imagefolder-split/test/Obrero_en_huelga,_asesinado_(Striking_worker,_assassinated)_Manuel_Álvarez_Bravo_150714.jpg",True,150714.0
Garden_Graciela_Iturbide_143118.jpg,../latinamerican-2-imagefolder-split/,test,../latinamerican-2-imagefolder-split/test/Garden_Graciela_Iturbide_143118.jpg,False,143118.0
Untitled_(Envelope_Composition)_Miguel_Cervantes_133881.jpg,../latinamerican-2-imagefolder-split/,test,../latinamerican-2-imagefolder-split/test/Untitled_(Envelope_Composition)_Miguel_Cervantes_133881.jpg,False,133881.0
Suite_5X_III_Gego_61990.jpg,../latinamerican-2-imagefolder-split/,test,../latinamerican-2-imagefolder-split/test/Suite_5X_III_Gego_61990.jpg,True,61990.0
Remedios_Varo_Wearing_a_Mask_by_Leonora_Carrington_Kati_Horna_221005.jpg,../latinamerican-2-imagefolder-split/,test,../latinamerican-2-imagefolder-split/test/Remedios_Varo_Wearing_a_Mask_by_Leonora_Carrington_Kati_Horna_221005.jpg,True,221005.0
El_Abrazo_(The_Hug)_Francisco_Zúñiga_174168.jpg,../latinamerican-2-imagefolder-split/,test,../latinamerican-2-imagefolder-split/test/El_Abrazo_(The_Hug)_Francisco_Zúñiga_174168.jpg,False,174168.0
El_ensueño_(The_daydream)_Manuel_Álvarez_Bravo_150703.jpg,../latinamerican-2-imagefolder-split/,test,../latinamerican-2-imagefolder-split/test/El_ensueño_(The_daydream)_Manuel_Álvarez_Bravo_150703.jpg,True,150703.0
Diptych_Hector_Saunier_179431.jpg,../latinamerican-2-imagefolder-split/,test,../latinamerican-2-imagefolder-split/test/Diptych_Hector_Saunier_179431.jpg,False,179431.0
Onde_Verte_Eugenio_Tellez_173520.jpg,../latinamerican-2-imagefolder-split/,test,../latinamerican-2-imagefolder-split/test/Onde_Verte_Eugenio_Tellez_173520.jpg,False,173520.0
Henequén_Worker_Alfredo_Zalce_33518.jpg,../latinamerican-2-imagefolder-split/,test,../latinamerican-2-imagefolder-split/test/Henequén_Worker_Alfredo_Zalce_33518.jpg,False,33518.0
La_grande_tentation_(The_Great_Temptation)_Victor_Delhez_181849.jpg,../latinamerican-2-imagefolder-split/,test,../latinamerican-2-imagefolder-split/test/La_grande_tentation_(The_Great_Temptation)_Victor_Delhez_181849.jpg,False,181849.0
Compostion_X_Matta_48419.jpg,../latinamerican-2-imagefolder-split/,test,../latinamerican-2-imagefolder-split/test/Compostion_X_Matta_48419.jpg,True,48419.0
Ya_Mero_(Almost)_Manuel_Álvarez_Bravo_194338.jpg,../latinamerican-2-imagefolder-split/,test,../latinamerican-2-imagefolder-split/test/Ya_Mero_(Almost)_Manuel_Álvarez_Bravo_194338.jpg,False,194338.0
Arrojo_Maria_Teresa_Rizzi_199324.jpg,../latinamerican-2-imagefolder-split/,test,../latinamerican-2-imagefolder-split/test/Arrojo_Maria_Teresa_Rizzi_199324.jpg,True,199324.0
Head_Rufino_Tamayo_64176.jpg,../latinamerican-2-imagefolder-split/,test,../latinamerican-2-imagefolder-split/test/Head_Rufino_Tamayo_64176.jpg,True,64176.0
Los_Perros_Durmiendo_Ladran_(Sleeping_Dogs_Bark)_Manuel_Álvarez_Bravo_197753.jpg,../latinamerican-2-imagefolder-split/,test,../latinamerican-2-imagefolder-split/test/Los_Perros_Durmiendo_Ladran_(Sleeping_Dogs_Bark)_Manuel_Álvarez_Bravo_197753.jpg,False,197753.0
A_Brazilian_in_Florida_Abraao_Batista_126506.jpg,../latinamerican-2-imagefolder-split/,test,../latinamerican-2-imagefolder-split/test/A_Brazilian_in_Florida_Abraao_Batista_126506.jpg,False,126506.0
Beast_Alejandro_Aróstegui_219519.jpg,../latinamerican-2-imagefolder-split/,test,../latinamerican-2-imagefolder-split/test/Beast_Alejandro_Aróstegui_219519.jpg,False,219519.0
Mental_Reactions_Marius_de_Zayas_137583.jpg,../latinamerican-2-imagefolder-split/,test,../latinamerican-2-imagefolder-split/test/Mental_Reactions_Marius_de_Zayas_137583.jpg,True,137583.0
Montserrat_Diego_Rivera_121052.jpg,../latinamerican-2-imagefolder-split/,test,../latinamerican-2-imagefolder-split/test/Montserrat_Diego_Rivera_121052.jpg,False,121052.0
Merging_Maria_Teresa_Rizzi_199318.jpg,../latinamerican-2-imagefolder-split/,test,../latinamerican-2-imagefolder-split/test/Merging_Maria_Teresa_Rizzi_199318.jpg,True,199318.0
Untitled_(Harriet_Tubman)_Taller_de_Grafica_Popular_143191.jpg,../latinamerican-2-imagefolder-split/,test,../latinamerican-2-imagefolder-split/test/Untitled_(Harriet_Tubman)_Taller_de_Grafica_Popular_143191.jpg,False,143191.0
Compostion_V_Matta_48414.jpg,../latinamerican-2-imagefolder-split/,test,../latinamerican-2-imagefolder-split/test/Compostion_V_Matta_48414.jpg,False,48414.0
Untitled_(Envelope_with_Leaves)_Miguel_Cervantes_133878.jpg,../latinamerican-2-imagefolder-split/,test,../latinamerican-2-imagefolder-split/test/Untitled_(Envelope_with_Leaves)_Miguel_Cervantes_133878.jpg,False,133878.0
Velero_(Ship)_Carlos_Garaicoa_169094.jpg,../latinamerican-2-imagefolder-split/,test,../latinamerican-2-imagefolder-split/test/Velero_(Ship)_Carlos_Garaicoa_169094.jpg,True,169094.0
"Untitled_(Carnaval_de_Huejotzingo,_Puebla)_Kati_Horna_223250.jpg",../latinamerican-2-imagefolder-split/,test,"../latinamerican-2-imagefolder-split/test/Untitled_(Carnaval_de_Huejotzingo,_Puebla)_Kati_Horna_223250.jpg",False,223250.0
Cuevas-Charenton_José_Luis_Cuevas_61935.jpg,../latinamerican-2-imagefolder-split/,test,../latinamerican-2-imagefolder-split/test/Cuevas-Charenton_José_Luis_Cuevas_61935.jpg,False,61935.0
Acto_Primero_(First_Act)_Manuel_Álvarez_Bravo_196160.jpg,../latinamerican-2-imagefolder-split/,test,../latinamerican-2-imagefolder-split/test/Acto_Primero_(First_Act)_Manuel_Álvarez_Bravo_196160.jpg,False,196160.0
Untitled_(Historia_de_un_Vampiro:_Sucedió_en_Coyoacán_en_1962)_Kati_Horna_223251.jpg,../latinamerican-2-imagefolder-split/,test,../latinamerican-2-imagefolder-split/test/Untitled_(Historia_de_un_Vampiro:_Sucedió_en_Coyoacán_en_1962)_Kati_Horna_223251.jpg,True,223251.0
Suite_5X_I_Gego_61987.jpg,../latinamerican-2-imagefolder-split/,test,../latinamerican-2-imagefolder-split/test/Suite_5X_I_Gego_61987.jpg,True,61987.0
Horse_and_Running_Girl_Rufino_Tamayo_163543.jpg,../latinamerican-2-imagefolder-split/,test,../latinamerican-2-imagefolder-split/test/Horse_and_Running_Girl_Rufino_Tamayo_163543.jpg,False,163543.0
Untitled_(Skull)_Miguel_Cervantes_133865.jpg,../latinamerican-2-imagefolder-split/,test,../latinamerican-2-imagefolder-split/test/Untitled_(Skull)_Miguel_Cervantes_133865.jpg,False,133865.0
Head_Rufino_Tamayo_64177.jpg,../latinamerican-2-imagefolder-split/,test,../latinamerican-2-imagefolder-split/test/Head_Rufino_Tamayo_64177.jpg,False,64177.0
City_of_the_Eyes_X_Rodolfo_Abularach_61470.jpg,../latinamerican-2-imagefolder-split/,test,../latinamerican-2-imagefolder-split/test/City_of_the_Eyes_X_Rodolfo_Abularach_61470.jpg,False,61470.0
Untitled_Carlos_Merida_201189.jpg,../latinamerican-2-imagefolder-split/,test,../latinamerican-2-imagefolder-split/test/Untitled_Carlos_Merida_201189.jpg,False,201189.0
City_of_the_Eyes_VII_Rodolfo_Abularach_61467.jpg,../latinamerican-2-imagefolder-split/,test,../latinamerican-2-imagefolder-split/test/City_of_the_Eyes_VII_Rodolfo_Abularach_61467.jpg,True,61467.0
"Heavy_Metal,_Vol._1,_No._6,_September_1977_Sergio_Macedo_165695.jpg",../latinamerican-2-imagefolder-split/,test,"../latinamerican-2-imagefolder-split/test/Heavy_Metal,_Vol._1,_No._6,_September_1977_Sergio_Macedo_165695.jpg",True,165695.0
Fontamara_X_Fayga_Ostrower_58853.jpg,../latinamerican-2-imagefolder-split/,test,../latinamerican-2-imagefolder-split/test/Fontamara_X_Fayga_Ostrower_58853.jpg,True,58853.0
Mother_and_Child_Emilio_Amero_3642.jpg,../latinamerican-2-imagefolder-split/,test,../latinamerican-2-imagefolder-split/test/Mother_and_Child_Emilio_Amero_3642.jpg,False,3642.0
Fascism_I_Leopoldo_Méndez_30709.jpg,../latinamerican-2-imagefolder-split/,test,../latinamerican-2-imagefolder-split/test/Fascism_I_Leopoldo_Méndez_30709.jpg,False,30709.0
Caja_de_Visiones_(Box_of_Visions)_Manuel_Álvarez_Bravo_197747.jpg,../latinamerican-2-imagefolder-split/,test,../latinamerican-2-imagefolder-split/test/Caja_de_Visiones_(Box_of_Visions)_Manuel_Álvarez_Bravo_197747.jpg,False,197747.0
"El_Ensueño_(Isabel_Villaseñor),_Tenacatita,_Jalisco_Lola_Álvarez_Bravo_199162.jpg",../latinamerican-2-imagefolder-split/,test,"../latinamerican-2-imagefolder-split/test/El_Ensueño_(Isabel_Villaseñor),_Tenacatita,_Jalisco_Lola_Álvarez_Bravo_199162.jpg",False,199162.0
Fiesta_Emilio_Amero_42617.jpg,../latinamerican-2-imagefolder-split/,test,../latinamerican-2-imagefolder-split/test/Fiesta_Emilio_Amero_42617.jpg,False,42617.0
Untitled_Composition_Joaquín_Torres-García_150852.jpg,../latinamerican-2-imagefolder-split/,test,../latinamerican-2-imagefolder-split/test/Untitled_Composition_Joaquín_Torres-García_150852.jpg,False,150852.0
"Seri_Indian,_Isla_del_Tiburon_Emilio_Amero_221109.jpg",../latinamerican-2-imagefolder-split/,test,"../latinamerican-2-imagefolder-split/test/Seri_Indian,_Isla_del_Tiburon_Emilio_Amero_221109.jpg",False,221109.0
Compostion_III_Matta_48412.jpg,../latinamerican-2-imagefolder-split/,test,../latinamerican-2-imagefolder-split/test/Compostion_III_Matta_48412.jpg,False,48412.0
Deux_Fils_Rufino_Tamayo_64161.jpg,../latinamerican-2-imagefolder-split/,test,../latinamerican-2-imagefolder-split/test/Deux_Fils_Rufino_Tamayo_64161.jpg,False,64161.0
Untitled_Rodolfo_Abularach_61471.jpg,../latinamerican-2-imagefolder-split/,test,../latinamerican-2-imagefolder-split/test/Untitled_Rodolfo_Abularach_61471.jpg,True,61471.0
"Rostro_con_Peces,_Shipibo_Conibo,_Pucallpa,_Peru_(Face_with_Fish,_Shipibo_Conibo,_Pucallpa,_Peru)_Javier_Silva_Meinel_175619.jpg",../latinamerican-2-imagefolder-split/,test,"../latinamerican-2-imagefolder-split/test/Rostro_con_Peces,_Shipibo_Conibo,_Pucallpa,_Peru_(Face_with_Fish,_Shipibo_Conibo,_Pucallpa,_Peru)_Javier_Silva_Meinel_175619.jpg",False,175619.0
Garden_Francisco_Toledo_143121.jpg,../latinamerican-2-imagefolder-split/,test,../latinamerican-2-imagefolder-split/test/Garden_Francisco_Toledo_143121.jpg,True,143121.0
Errante_Adolfo_Bellocq_4553.jpg,../latinamerican-2-imagefolder-split/,test,../latinamerican-2-imagefolder-split/test/Errante_Adolfo_Bellocq_4553.jpg,True,4553.0
The_Injured_Eye_Julio_Castellanos_30249.jpg,../latinamerican-2-imagefolder-split/,test,../latinamerican-2-imagefolder-split/test/The_Injured_Eye_Julio_Castellanos_30249.jpg,False,30249.0
Trampa_puesta_(Set_trap)_Manuel_Álvarez_Bravo_150711.jpg,../latinamerican-2-imagefolder-split/,test,../latinamerican-2-imagefolder-split/test/Trampa_puesta_(Set_trap)_Manuel_Álvarez_Bravo_150711.jpg,False,150711.0
Paisaje_inventado_(Invented_landscape)_Manuel_Álvarez_Bravo_150716.jpg,../latinamerican-2-imagefolder-split/,test,../latinamerican-2-imagefolder-split/test/Paisaje_inventado_(Invented_landscape)_Manuel_Álvarez_Bravo_150716.jpg,False,150716.0
Compostion_IX_Matta_48418.jpg,../latinamerican-2-imagefolder-split/,test,../latinamerican-2-imagefolder-split/test/Compostion_IX_Matta_48418.jpg,False,48418.0
The_Marquis_de_Sade_José_Luis_Cuevas_61931.jpg,../latinamerican-2-imagefolder-split/,test,../latinamerican-2-imagefolder-split/test/The_Marquis_de_Sade_José_Luis_Cuevas_61931.jpg,False,61931.0
Mulher_(Woman)_Dulce_Carneiro_219357.jpg,../latinamerican-2-imagefolder-split/,test,../latinamerican-2-imagefolder-split/test/Mulher_(Woman)_Dulce_Carneiro_219357.jpg,False,219357.0
Retrato_de_lo_Eterno_(Woman_Combing_Her_Hair)_Manuel_Álvarez_Bravo_184467.jpg,../latinamerican-2-imagefolder-split/,test,../latinamerican-2-imagefolder-split/test/Retrato_de_lo_Eterno_(Woman_Combing_Her_Hair)_Manuel_Álvarez_Bravo_184467.jpg,False,184467.0
Untitled_Carlos_Merida_201188.jpg,../latinamerican-2-imagefolder-split/,test,../latinamerican-2-imagefolder-split/test/Untitled_Carlos_Merida_201188.jpg,False,201188.0
Caricia_(Caress)_Mariana_Yampolsky_175632.jpg,../latinamerican-2-imagefolder-split/,test,../latinamerican-2-imagefolder-split/test/Caricia_(Caress)_Mariana_Yampolsky_175632.jpg,False,175632.0
Newsboys_Leopoldo_Méndez_30701.jpg,../latinamerican-2-imagefolder-split/,test,../latinamerican-2-imagefolder-split/test/Newsboys_Leopoldo_Méndez_30701.jpg,True,30701.0
"Cemetery_Wall,_Texcoco,_Mexico_Manuel_Álvarez_Bravo_92294.jpg",../latinamerican-2-imagefolder-split/,test,"../latinamerican-2-imagefolder-split/test/Cemetery_Wall,_Texcoco,_Mexico_Manuel_Álvarez_Bravo_92294.jpg",False,92294.0
Untitled_Rufino_Tamayo_60891.jpg,../latinamerican-2-imagefolder-split/,test,../latinamerican-2-imagefolder-split/test/Untitled_Rufino_Tamayo_60891.jpg,True,60891.0
Compostion_XIV_Matta_48423.jpg,../latinamerican-2-imagefolder-split/,test,../latinamerican-2-imagefolder-split/test/Compostion_XIV_Matta_48423.jpg,True,48423.0
Sed_non_Satiata_Victor_Delhez_119885.jpg,../latinamerican-2-imagefolder-split/,test,../latinamerican-2-imagefolder-split/test/Sed_non_Satiata_Victor_Delhez_119885.jpg,False,119885.0
Garden_Francisco_Toledo_143118.jpg,../latinamerican-2-imagefolder-split/,test,../latinamerican-2-imagefolder-split/test/Garden_Francisco_Toledo_143118.jpg,True,143118.0
The_Vulture's_Nest_Leopoldo_Méndez_30708.jpg,../latinamerican-2-imagefolder-split/,test,../latinamerican-2-imagefolder-split/test/The_Vulture's_Nest_Leopoldo_Méndez_30708.jpg,False,30708.0
For_Teaching_Them_to_Read_Leopoldo_Méndez_30712.jpg,../latinamerican-2-imagefolder-split/,test,../latinamerican-2-imagefolder-split/test/For_Teaching_Them_to_Read_Leopoldo_Méndez_30712.jpg,False,30712.0
A_Brazilian_in_Florida_Abraao_Batista_126505.jpg,../latinamerican-2-imagefolder-split/,test,../latinamerican-2-imagefolder-split/test/A_Brazilian_in_Florida_Abraao_Batista_126505.jpg,False,126505.0
"Grinding_Maize,_Cuautla_Leopoldo_Méndez_183894.jpg",../latinamerican-2-imagefolder-split/,test,"../latinamerican-2-imagefolder-split/test/Grinding_Maize,_Cuautla_Leopoldo_Méndez_183894.jpg",False,183894.0
La_Línea_en_Función_del_Plano_Raul_Lozza_74838.jpg,../latinamerican-2-imagefolder-split/,test,../latinamerican-2-imagefolder-split/test/La_Línea_en_Función_del_Plano_Raul_Lozza_74838.jpg,False,74838.0
Fontamara_XIV_Fayga_Ostrower_58857.jpg,../latinamerican-2-imagefolder-split/,test,../latinamerican-2-imagefolder-split/test/Fontamara_XIV_Fayga_Ostrower_58857.jpg,False,58857.0
Garden_Alejandro_de_Ávila_143120.jpg,../latinamerican-2-imagefolder-split/,test,../latinamerican-2-imagefolder-split/test/Garden_Alejandro_de_Ávila_143120.jpg,False,143120.0
El_Grito_de_la_Muerte_(The_Scream_of_Death)_Yolanda_Andrade_221938.jpg,../latinamerican-2-imagefolder-split/,test,../latinamerican-2-imagefolder-split/test/El_Grito_de_la_Muerte_(The_Scream_of_Death)_Yolanda_Andrade_221938.jpg,True,221938.0
Garden_Graciela_Iturbide_143121.jpg,../latinamerican-2-imagefolder-split/,test,../latinamerican-2-imagefolder-split/test/Garden_Graciela_Iturbide_143121.jpg,False,143121.0
Fontamara_VI_Fayga_Ostrower_58849.jpg,../latinamerican-2-imagefolder-split/,test,../latinamerican-2-imagefolder-split/test/Fontamara_VI_Fayga_Ostrower_58849.jpg,False,58849.0
Garden_Graciela_Iturbide_143120.jpg,../latinamerican-2-imagefolder-split/,test,../latinamerican-2-imagefolder-split/test/Garden_Graciela_Iturbide_143120.jpg,True,143120.0
Black_Woman_(Dama_negra)_David_Alfaro_Siqueiros_30640.jpg,../latinamerican-2-imagefolder-split/,test,../latinamerican-2-imagefolder-split/test/Black_Woman_(Dama_negra)_David_Alfaro_Siqueiros_30640.jpg,False,30640.0
Head_Rufino_Tamayo_64170.jpg,../latinamerican-2-imagefolder-split/,test,../latinamerican-2-imagefolder-split/test/Head_Rufino_Tamayo_64170.jpg,True,64170.0
"Lumber_Workers,_Bay_of_Campeche_Alfredo_Zalce_184007.jpg",../latinamerican-2-imagefolder-split/,test,"../latinamerican-2-imagefolder-split/test/Lumber_Workers,_Bay_of_Campeche_Alfredo_Zalce_184007.jpg",False,184007.0
Untitled_Rodolfo_Abularach_61483.jpg,../latinamerican-2-imagefolder-split/,test,../latinamerican-2-imagefolder-split/test/Untitled_Rodolfo_Abularach_61483.jpg,False,61483.0
La_Ciega_(The_Blind_Woman)_Mariana_Yampolsky_173316.jpg,../latinamerican-2-imagefolder-split/,test,../latinamerican-2-imagefolder-split/test/La_Ciega_(The_Blind_Woman)_Mariana_Yampolsky_173316.jpg,False,173316.0
